report_id,date,site,report_type,activity,description,sif_potential,sif_predicted,sif_probability,life_saving_rule,lsr_all_matches,activity_category,barrier_failure
RPT-00001,2025-12-13,Digboi Refinery,UA,working at height on scaffolding,UA raised at Digboi Refinery: worker engaged in working at height on scaffolding without following procedure - barricade/warning signage missing at work area.,0,0,0.37,Working at Height,['Working at Height'],Working at Height,Barricade/Signage Missing
RPT-00002,2025-04-30,Duliajan Workshop,UC,hot work / welding near flammable storage,"During hot work / welding near flammable storage at Duliajan Workshop, it was observed that no lifting plan / unqualified rigger used. This created a direct exposure to fire or explosion in presence of flammable atmosphere.",1,1,0.734,Hot Work,"['Hot Work', 'Safe Mechanical Lifting']",Hot Work,Permit Not Issued
RPT-00003,2025-08-18,Lakwa Gas Plant,UA,working at height on scaffolding,Field audit at Lakwa Gas Plant identified working at height on scaffolding where equipment inspection overdue / defective tool used. No injury occurred but potential for fall from height was high.,0,1,0.69,Working at Height,['Working at Height'],Working at Height,Defective Equipment
RPT-00004,2025-04-21,Barekuri Well Pad,Near-Miss,working at height on scaffolding,"While conducting working at height on scaffolding, a near-miss occurred at Barekuri Well Pad because gas test not performed before entry.",1,1,0.761,Working at Height,"['Working at Height', 'Confined Space']",Working at Height,Gas Test Skipped
RPT-00005,2025-01-23,Digboi Refinery,UA,hot work / welding near flammable storage,"While conducting hot work / welding near flammable storage, a ua occurred at Digboi Refinery because communication breakdown between crew and control room.",0,0,0.295,Hot Work,['Hot Work'],Hot Work,Communication Failure
RPT-00006,2025-05-31,Jorajan Pipeline ROW,Incident,excavation near buried pipeline,"Observation (Incident) at Jorajan Pipeline ROW - excavation near buried pipeline in progress, however PPE (harness/gloves/goggles) not worn correctly, increasing risk of being struck by moving/falling/suspended object.",0,0,0.374,Line of Fire,"['Line of Fire', 'Working at Height']",Excavation,PPE Non-Compliance
RPT-00007,2025-04-27,Lakwa Gas Plant,UA,energy isolation / LOTO on pump,"During energy isolation / LOTO on pump at Lakwa Gas Plant, it was observed that no lifting plan / unqualified rigger used. This created a direct exposure to unexpected equipment start-up / stored energy release.",1,1,0.879,Energy Isolation,"['Energy Isolation', 'Safe Mechanical Lifting']",Energy Isolation / LOTO,Permit Not Issued
RPT-00008,2025-07-06,Digboi Refinery,UC,manual lifting with mobile crane,"Observation (UC) at Digboi Refinery - manual lifting with mobile crane in progress, however PPE (harness/gloves/goggles) not worn correctly, increasing risk of dropped load / crane failure.",1,1,0.786,Safe Mechanical Lifting,"['Safe Mechanical Lifting', 'Working at Height']",Mechanical Lifting,PPE Non-Compliance
RPT-00009,2025-03-29,Kumchai Compressor Station,Near-Miss,energy isolation / LOTO on pump,"During energy isolation / LOTO on pump at Kumchai Compressor Station, it was observed that isolation point not verified with lock and tag. This created a direct exposure to unexpected equipment start-up / stored energy release.",1,1,0.78,Energy Isolation,['Energy Isolation'],Energy Isolation / LOTO,Isolation Not Verified
RPT-00010,2025-06-16,Moran GGS,UC,confined space entry into storage tank,Field audit at Moran GGS identified confined space entry into storage tank where toolbox talk / risk assessment not conducted. No injury occurred but potential for asphyxiation or toxic gas exposure was high.,1,1,0.586,Confined Space,['Confined Space'],Confined Space Entry,Risk Assessment Skipped
RPT-00011,2025-10-18,Moran GGS,UC,working at height on scaffolding,"During working at height on scaffolding at Moran GGS, it was observed that supervision inadequate for high-risk task. This created a direct exposure to fall from height.",1,1,0.654,Working at Height,['Working at Height'],Working at Height,Inadequate Supervision
RPT-00012,2025-03-13,Kumchai Compressor Station,UC,manual lifting with mobile crane,"Observation (UC) at Kumchai Compressor Station - manual lifting with mobile crane in progress, however toolbox talk / risk assessment not conducted, increasing risk of dropped load / crane failure.",1,0,0.482,Safe Mechanical Lifting,['Safe Mechanical Lifting'],Mechanical Lifting,PPE Non-Compliance
RPT-00013,2025-07-24,Duliajan Workshop,Near-Miss,excavation near buried pipeline,"Observation (Near-Miss) at Duliajan Workshop - excavation near buried pipeline in progress, however barricade/warning signage missing at work area, increasing risk of being struck by moving/falling/suspended object.",0,0,0.089,Line of Fire,['Line of Fire'],Excavation,Barricade/Signage Missing
RPT-00014,2025-03-20,Moran GGS,UC,confined space entry into storage tank,"During confined space entry into storage tank at Moran GGS, it was observed that equipment inspection overdue / defective tool used. This created a direct exposure to asphyxiation or toxic gas exposure.",0,1,0.623,Confined Space,['Confined Space'],Confined Space Entry,Defective Equipment
RPT-00015,2025-08-28,Numaligarh Terminal,UC,routine equipment inspection round,"Observation (UC) at Numaligarh Terminal - routine equipment inspection round in progress, however communication breakdown between crew and control room, increasing risk of uncontrolled/unauthorized simultaneous operations.",0,0,0.076,Work Authorization,['Work Authorization'],Inspection / Housekeeping,Communication Failure
RPT-00016,2025-10-02,Barekuri Well Pad,Near-Miss,excavation near buried pipeline,"During excavation near buried pipeline at Barekuri Well Pad, it was observed that permit to work not issued before starting job. This created a direct exposure to being struck by moving/falling/suspended object.",0,0,0.338,Line of Fire,"['Line of Fire', 'Work Authorization']",Excavation,Permit Not Issued
RPT-00017,2025-05-15,Kumchai Compressor Station,UC,hot work / welding near flammable storage,"Observation (UC) at Kumchai Compressor Station - hot work / welding near flammable storage in progress, however barricade/warning signage missing at work area, increasing risk of fire or explosion in presence of flammable atmosphere.",1,0,0.358,Hot Work,['Hot Work'],Hot Work,Barricade/Signage Missing
RPT-00018,2025-09-17,Numaligarh Terminal,Incident,excavation near buried pipeline,"While conducting excavation near buried pipeline, a incident occurred at Numaligarh Terminal because PPE (harness/gloves/goggles) not worn correctly.",0,0,0.433,Working at Height,['Working at Height'],Excavation,PPE Non-Compliance
RPT-00019,2025-09-29,Moran GGS,Near-Miss,confined space entry into storage tank,Field audit at Moran GGS identified confined space entry into storage tank where supervision inadequate for high-risk task. No injury occurred but potential for asphyxiation or toxic gas exposure was high.,0,1,0.544,Confined Space,['Confined Space'],Confined Space Entry,Inadequate Supervision
RPT-00020,2025-06-07,Lakwa Gas Plant,UA,energy isolation / LOTO on pump,"While conducting energy isolation / LOTO on pump, a ua occurred at Lakwa Gas Plant because toolbox talk / risk assessment not conducted.",0,1,0.515,Energy Isolation,['Energy Isolation'],Energy Isolation / LOTO,Risk Assessment Skipped
RPT-00021,2025-02-05,Duliajan Field,Incident,manual lifting with mobile crane,"During manual lifting with mobile crane at Duliajan Field, it was observed that no lifting plan / unqualified rigger used. This created a direct exposure to dropped load / crane failure.",1,1,0.812,Safe Mechanical Lifting,['Safe Mechanical Lifting'],Mechanical Lifting,Permit Not Issued
RPT-00022,2025-11-07,Numaligarh Terminal,Incident,confined space entry into storage tank,Incident raised at Numaligarh Terminal: worker engaged in confined space entry into storage tank without following procedure - toolbox talk / risk assessment not conducted.,0,0,0.353,Confined Space,['Confined Space'],Confined Space Entry,Risk Assessment Skipped
RPT-00023,2025-11-29,Moran GGS,Near-Miss,excavation near buried pipeline,"Observation (Near-Miss) at Moran GGS - excavation near buried pipeline in progress, however isolation point not verified with lock and tag, increasing risk of being struck by moving/falling/suspended object.",0,0,0.366,Energy Isolation,"['Energy Isolation', 'Line of Fire']",Excavation,Isolation Not Verified
RPT-00024,2025-01-11,Jorajan Pipeline ROW,UA,excavation near buried pipeline,UA raised at Jorajan Pipeline ROW: worker engaged in excavation near buried pipeline without following procedure - toolbox talk / risk assessment not conducted.,0,0,0.158,Unclassified,[],Excavation,Risk Assessment Skipped
RPT-00025,2025-01-31,Duliajan Workshop,UA,manual lifting with mobile crane,"During manual lifting with mobile crane at Duliajan Workshop, it was observed that no lifting plan / unqualified rigger used. This created a direct exposure to dropped load / crane failure.",1,1,0.784,Safe Mechanical Lifting,['Safe Mechanical Lifting'],Mechanical Lifting,Permit Not Issued
RPT-00026,2025-09-06,Digboi Refinery,UA,working at height on scaffolding,UA raised at Digboi Refinery: worker engaged in working at height on scaffolding without following procedure - supervision inadequate for high-risk task.,0,0,0.43,Working at Height,['Working at Height'],Working at Height,Inadequate Supervision
RPT-00027,2025-07-28,Duliajan Workshop,UC,confined space entry into storage tank,UC raised at Duliajan Workshop: worker engaged in confined space entry into storage tank without following procedure - no lifting plan / unqualified rigger used.,0,1,0.688,Safe Mechanical Lifting,"['Safe Mechanical Lifting', 'Confined Space']",Confined Space Entry,Permit Not Issued
RPT-00028,2025-01-28,Digboi Refinery,UC,hot work / welding near flammable storage,"Observation (UC) at Digboi Refinery - hot work / welding near flammable storage in progress, however communication breakdown between crew and control room, increasing risk of fire or explosion in presence of flammable atmosphere.",0,0,0.35,Hot Work,['Hot Work'],Hot Work,Communication Failure
RPT-00029,2025-04-08,Digboi Refinery,Near-Miss,working at height on scaffolding,"During working at height on scaffolding at Digboi Refinery, it was observed that communication breakdown between crew and control room. This created a direct exposure to fall from height.",1,1,0.545,Working at Height,['Working at Height'],Working at Height,Communication Failure
RPT-00030,2025-02-08,Jorajan Pipeline ROW,UA,confined space entry into storage tank,"Observation (UA) at Jorajan Pipeline ROW - confined space entry into storage tank in progress, however communication breakdown between crew and control room, increasing risk of asphyxiation or toxic gas exposure.",1,0,0.326,Confined Space,['Confined Space'],Confined Space Entry,Communication Failure
RPT-00031,2025-02-17,Duliajan Workshop,Near-Miss,hot work / welding near flammable storage,Field audit at Duliajan Workshop identified hot work / welding near flammable storage where permit to work not issued before starting job. No injury occurred but potential for fire or explosion in presence of flammable atmosphere was high.,0,1,0.562,Hot Work,"['Hot Work', 'Work Authorization']",Hot Work,Permit Not Issued
RPT-00032,2025-03-26,Numaligarh Terminal,UC,line of fire during pipe fitting removal,"Observation (UC) at Numaligarh Terminal - line of fire during pipe fitting removal in progress, however toolbox talk / risk assessment not conducted, increasing risk of being struck by moving/falling/suspended object.",0,0,0.356,Line of Fire,['Line of Fire'],Line of Fire Exposure,Risk Assessment Skipped
RPT-00033,2025-12-23,Duliajan Field,Incident,line of fire during pipe fitting removal,"Observation (Incident) at Duliajan Field - line of fire during pipe fitting removal in progress, however barricade/warning signage missing at work area, increasing risk of being struck by moving/falling/suspended object.",0,0,0.215,Line of Fire,['Line of Fire'],Line of Fire Exposure,Barricade/Signage Missing
RPT-00034,2025-01-30,Duliajan Workshop,UA,routine equipment inspection round,"While conducting routine equipment inspection round, a ua occurred at Duliajan Workshop because toolbox talk / risk assessment not conducted.",0,0,0.058,Unclassified,[],Inspection / Housekeeping,Risk Assessment Skipped
RPT-00035,2025-09-29,Duliajan Workshop,UA,working at height on scaffolding,Field audit at Duliajan Workshop identified working at height on scaffolding where supervision inadequate for high-risk task. No injury occurred but potential for fall from height was high.,0,0,0.459,Working at Height,['Working at Height'],Working at Height,Inadequate Supervision
RPT-00036,2025-12-12,Duliajan Field,Incident,excavation near buried pipeline,"During excavation near buried pipeline at Duliajan Field, it was observed that PPE (harness/gloves/goggles) not worn correctly. This created a direct exposure to being struck by moving/falling/suspended object.",0,0,0.419,Line of Fire,"['Line of Fire', 'Working at Height']",Excavation,PPE Non-Compliance
RPT-00037,2025-02-11,Naharkatiya Tank Farm,UA,hot work / welding near flammable storage,Field audit at Naharkatiya Tank Farm identified hot work / welding near flammable storage where no lifting plan / unqualified rigger used. No injury occurred but potential for fire or explosion in presence of flammable atmosphere was high.,1,1,0.714,Hot Work,"['Hot Work', 'Safe Mechanical Lifting']",Hot Work,Permit Not Issued
RPT-00038,2025-06-10,Lakwa Gas Plant,UA,vehicle movement in loading bay,"While conducting vehicle movement in loading bay, a ua occurred at Lakwa Gas Plant because equipment inspection overdue / defective tool used.",0,0,0.34,Driving Safety,['Driving Safety'],Driving / Vehicle Movement,Defective Equipment
RPT-00039,2025-02-07,Barekuri Well Pad,Near-Miss,line of fire during pipe fitting removal,"While conducting line of fire during pipe fitting removal, a near-miss occurred at Barekuri Well Pad because gas test not performed before entry.",1,1,0.713,Confined Space,"['Confined Space', 'Line of Fire']",Line of Fire Exposure,Gas Test Skipped
RPT-00040,2025-09-17,Jorajan Pipeline ROW,Incident,vehicle movement in loading bay,"During vehicle movement in loading bay at Jorajan Pipeline ROW, it was observed that no lifting plan / unqualified rigger used. This created a direct exposure to vehicle collision.",0,0,0.473,Safe Mechanical Lifting,"['Safe Mechanical Lifting', 'Driving Safety']",Driving / Vehicle Movement,Permit Not Issued
RPT-00041,2025-08-13,Numaligarh Terminal,Incident,energy isolation / LOTO on pump,"While conducting energy isolation / LOTO on pump, a incident occurred at Numaligarh Terminal because PPE (harness/gloves/goggles) not worn correctly.",1,1,0.761,Energy Isolation,"['Energy Isolation', 'Working at Height']",Energy Isolation / LOTO,PPE Non-Compliance
RPT-00042,2025-12-06,Barekuri Well Pad,UA,vehicle movement in loading bay,Field audit at Barekuri Well Pad identified vehicle movement in loading bay where equipment inspection overdue / defective tool used. No injury occurred but potential for vehicle collision was high.,0,0,0.141,Driving Safety,['Driving Safety'],Driving / Vehicle Movement,Defective Equipment
RPT-00043,2025-05-25,Numaligarh Terminal,Incident,driving light vehicle on site road,Field audit at Numaligarh Terminal identified driving light vehicle on site road where PPE (harness/gloves/goggles) not worn correctly. No injury occurred but potential for vehicle collision was high.,0,0,0.23,Driving Safety,"['Driving Safety', 'Working at Height']",Driving / Vehicle Movement,PPE Non-Compliance
RPT-00044,2025-05-09,Moran GGS,UA,housekeeping / material storage,"While conducting housekeeping / material storage, a ua occurred at Moran GGS because supervision inadequate for high-risk task.",0,0,0.089,Unclassified,[],Inspection / Housekeeping,Inadequate Supervision
RPT-00045,2025-03-08,Digboi Refinery,Near-Miss,routine equipment inspection round,"During routine equipment inspection round at Digboi Refinery, it was observed that communication breakdown between crew and control room. This created a direct exposure to uncontrolled/unauthorized simultaneous operations.",1,0,0.092,Work Authorization,['Work Authorization'],Inspection / Housekeeping,Communication Failure
RPT-00046,2025-02-27,Barekuri Well Pad,UC,confined space entry into storage tank,"Observation (UC) at Barekuri Well Pad - confined space entry into storage tank in progress, however toolbox talk / risk assessment not conducted, increasing risk of asphyxiation or toxic gas exposure.",0,0,0.396,Confined Space,['Confined Space'],Confined Space Entry,Risk Assessment Skipped
RPT-00047,2025-08-09,Numaligarh Terminal,Near-Miss,excavation near buried pipeline,Field audit at Numaligarh Terminal identified excavation near buried pipeline where permit to work not issued before starting job. No injury occurred but potential for being struck by moving/falling/suspended object was high.,0,0,0.325,Line of Fire,"['Line of Fire', 'Work Authorization']",Excavation,Permit Not Issued
RPT-00048,2025-04-18,Duliajan Field,Incident,driving light vehicle on site road,"During driving light vehicle on site road at Duliajan Field, it was observed that supervision inadequate for high-risk task. This created a direct exposure to vehicle collision.",0,0,0.081,Driving Safety,['Driving Safety'],Driving / Vehicle Movement,Inadequate Supervision
RPT-00049,2025-07-28,Moran GGS,UC,routine equipment inspection round,Field audit at Moran GGS identified routine equipment inspection round where PPE (harness/gloves/goggles) not worn correctly. No injury occurred but potential for uncontrolled/unauthorized simultaneous operations was high.,0,0,0.324,Working at Height,"['Working at Height', 'Work Authorization']",Inspection / Housekeeping,PPE Non-Compliance
RPT-00050,2025-01-13,Numaligarh Terminal,Incident,manual lifting with mobile crane,Incident raised at Numaligarh Terminal: worker engaged in manual lifting with mobile crane without following procedure - gas test not performed before entry.,0,1,0.627,Safe Mechanical Lifting,"['Safe Mechanical Lifting', 'Confined Space']",Mechanical Lifting,Gas Test Skipped
RPT-00051,2025-01-20,Kumchai Compressor Station,UA,line of fire during pipe fitting removal,"During line of fire during pipe fitting removal at Kumchai Compressor Station, it was observed that isolation point not verified with lock and tag. This created a direct exposure to being struck by moving/falling/suspended object.",1,1,0.763,Line of Fire,"['Line of Fire', 'Energy Isolation']",Line of Fire Exposure,Isolation Not Verified
RPT-00052,2025-12-04,Moran GGS,UA,manual lifting with mobile crane,UA raised at Moran GGS: worker engaged in manual lifting with mobile crane without following procedure - toolbox talk / risk assessment not conducted.,1,0,0.32,Safe Mechanical Lifting,['Safe Mechanical Lifting'],Mechanical Lifting,Risk Assessment Skipped
RPT-00053,2025-09-18,Naharkatiya Tank Farm,Incident,energy isolation / LOTO on pump,"While conducting energy isolation / LOTO on pump, a incident occurred at Naharkatiya Tank Farm because barricade/warning signage missing at work area.",0,0,0.343,Energy Isolation,['Energy Isolation'],Energy Isolation / LOTO,Barricade/Signage Missing
RPT-00054,2025-05-16,Duliajan Workshop,UA,energy isolation / LOTO on pump,"While conducting energy isolation / LOTO on pump, a ua occurred at Duliajan Workshop because permit to work not issued before starting job.",1,1,0.593,Energy Isolation,"['Energy Isolation', 'Work Authorization']",Energy Isolation / LOTO,Permit Not Issued
RPT-00055,2025-09-19,Digboi Refinery,UA,vehicle movement in loading bay,"While conducting vehicle movement in loading bay, a ua occurred at Digboi Refinery because communication breakdown between crew and control room.",0,0,0.119,Driving Safety,['Driving Safety'],Driving / Vehicle Movement,Communication Failure
RPT-00056,2025-10-03,Naharkatiya Tank Farm,UA,vehicle movement in loading bay,"Observation (UA) at Naharkatiya Tank Farm - vehicle movement in loading bay in progress, however isolation point not verified with lock and tag, increasing risk of vehicle collision.",1,0,0.386,Energy Isolation,"['Energy Isolation', 'Driving Safety']",Driving / Vehicle Movement,Isolation Not Verified
RPT-00057,2025-12-06,Moran GGS,UA,energy isolation / LOTO on pump,"While conducting energy isolation / LOTO on pump, a ua occurred at Moran GGS because communication breakdown between crew and control room.",0,0,0.35,Energy Isolation,['Energy Isolation'],Energy Isolation / LOTO,Communication Failure
RPT-00058,2025-06-01,Barekuri Well Pad,Near-Miss,excavation near buried pipeline,"While conducting excavation near buried pipeline, a near-miss occurred at Barekuri Well Pad because barricade/warning signage missing at work area.",0,0,0.108,Unclassified,[],Excavation,Barricade/Signage Missing
RPT-00059,2025-03-31,Numaligarh Terminal,Near-Miss,manual lifting with mobile crane,"Observation (Near-Miss) at Numaligarh Terminal - manual lifting with mobile crane in progress, however communication breakdown between crew and control room, increasing risk of dropped load / crane failure.",0,0,0.404,Safe Mechanical Lifting,['Safe Mechanical Lifting'],Mechanical Lifting,PPE Non-Compliance
RPT-00060,2025-04-18,Lakwa Gas Plant,UC,driving light vehicle on site road,"During driving light vehicle on site road at Lakwa Gas Plant, it was observed that communication breakdown between crew and control room. This created a direct exposure to vehicle collision.",0,0,0.086,Driving Safety,['Driving Safety'],Driving / Vehicle Movement,Communication Failure
RPT-00061,2025-09-19,Lakwa Gas Plant,UC,vehicle movement in loading bay,"Observation (UC) at Lakwa Gas Plant - vehicle movement in loading bay in progress, however supervision inadequate for high-risk task, increasing risk of vehicle collision.",0,0,0.13,Driving Safety,['Driving Safety'],Driving / Vehicle Movement,Inadequate Supervision
RPT-00062,2025-05-01,Numaligarh Terminal,UA,routine equipment inspection round,Field audit at Numaligarh Terminal identified routine equipment inspection round where PPE (harness/gloves/goggles) not worn correctly. No injury occurred but potential for uncontrolled/unauthorized simultaneous operations was high.,0,0,0.3,Working at Height,"['Working at Height', 'Work Authorization']",Inspection / Housekeeping,PPE Non-Compliance
RPT-00063,2025-09-01,Barekuri Well Pad,UA,manual lifting with mobile crane,"During manual lifting with mobile crane at Barekuri Well Pad, it was observed that isolation point not verified with lock and tag. This created a direct exposure to dropped load / crane failure.",1,1,0.762,Safe Mechanical Lifting,"['Safe Mechanical Lifting', 'Energy Isolation']",Mechanical Lifting,PPE Non-Compliance
RPT-00064,2025-12-23,Digboi Refinery,Incident,electrical panel maintenance,Field audit at Digboi Refinery identified electrical panel maintenance where communication breakdown between crew and control room. No injury occurred but potential for unexpected equipment start-up / stored energy release was high.,1,0,0.422,Energy Isolation,['Energy Isolation'],Electrical Maintenance,Communication Failure
RPT-00065,2025-02-24,Jorajan Pipeline ROW,UA,line of fire during pipe fitting removal,"During line of fire during pipe fitting removal at Jorajan Pipeline ROW, it was observed that isolation point not verified with lock and tag. This created a direct exposure to being struck by moving/falling/suspended object.",0,1,0.755,Line of Fire,"['Line of Fire', 'Energy Isolation']",Line of Fire Exposure,Isolation Not Verified
RPT-00066,2025-03-04,Moran GGS,UC,confined space entry into storage tank,Field audit at Moran GGS identified confined space entry into storage tank where equipment inspection overdue / defective tool used. No injury occurred but potential for asphyxiation or toxic gas exposure was high.,1,1,0.66,Confined Space,['Confined Space'],Confined Space Entry,Defective Equipment
RPT-00067,2025-08-15,Numaligarh Terminal,Incident,electrical panel maintenance,Field audit at Numaligarh Terminal identified electrical panel maintenance where equipment inspection overdue / defective tool used. No injury occurred but potential for unexpected equipment start-up / stored energy release was high.,0,1,0.583,Energy Isolation,['Energy Isolation'],Electrical Maintenance,Defective Equipment
RPT-00068,2025-09-01,Duliajan Workshop,UC,line of fire during pipe fitting removal,UC raised at Duliajan Workshop: worker engaged in line of fire during pipe fitting removal without following procedure - equipment inspection overdue / defective tool used.,0,1,0.548,Line of Fire,['Line of Fire'],Line of Fire Exposure,Defective Equipment
RPT-00069,2025-05-03,Barekuri Well Pad,Near-Miss,manual lifting with mobile crane,Field audit at Barekuri Well Pad identified manual lifting with mobile crane where barricade/warning signage missing at work area. No injury occurred but potential for dropped load / crane failure was high.,0,0,0.361,Safe Mechanical Lifting,['Safe Mechanical Lifting'],Mechanical Lifting,PPE Non-Compliance
RPT-00070,2025-10-04,Jorajan Pipeline ROW,UA,hot work / welding near flammable storage,"While conducting hot work / welding near flammable storage, a ua occurred at Jorajan Pipeline ROW because barricade/warning signage missing at work area.",0,0,0.375,Hot Work,['Hot Work'],Hot Work,Barricade/Signage Missing
RPT-00071,2025-02-02,Numaligarh Terminal,UC,confined space entry into storage tank,UC raised at Numaligarh Terminal: worker engaged in confined space entry into storage tank without following procedure - isolation point not verified with lock and tag.,1,1,0.705,Energy Isolation,"['Energy Isolation', 'Confined Space']",Confined Space Entry,Isolation Not Verified
RPT-00072,2025-08-04,Naharkatiya Tank Farm,UC,energy isolation / LOTO on pump,"During energy isolation / LOTO on pump at Naharkatiya Tank Farm, it was observed that equipment inspection overdue / defective tool used. This created a direct exposure to unexpected equipment start-up / stored energy release.",1,1,0.715,Energy Isolation,['Energy Isolation'],Energy Isolation / LOTO,Defective Equipment
RPT-00073,2025-01-04,Lakwa Gas Plant,Incident,housekeeping / material storage,Field audit at Lakwa Gas Plant identified housekeeping / material storage where permit to work not issued before starting job. No injury occurred but potential for loss of critical safety function was high.,0,0,0.363,Work Authorization,['Work Authorization'],Inspection / Housekeeping,Permit Not Issued
RPT-00074,2025-04-23,Barekuri Well Pad,UC,line of fire during pipe fitting removal,Field audit at Barekuri Well Pad identified line of fire during pipe fitting removal where communication breakdown between crew and control room. No injury occurred but potential for being struck by moving/falling/suspended object was high.,0,0,0.296,Line of Fire,['Line of Fire'],Line of Fire Exposure,Communication Failure
RPT-00075,2025-12-14,Moran GGS,UC,driving light vehicle on site road,"Observation (UC) at Moran GGS - driving light vehicle on site road in progress, however communication breakdown between crew and control room, increasing risk of vehicle collision.",0,0,0.06,Driving Safety,['Driving Safety'],Driving / Vehicle Movement,Communication Failure
RPT-00076,2025-07-21,Numaligarh Terminal,Incident,electrical panel maintenance,Field audit at Numaligarh Terminal identified electrical panel maintenance where gas test not performed before entry. No injury occurred but potential for unexpected equipment start-up / stored energy release was high.,1,1,0.773,Energy Isolation,"['Energy Isolation', 'Confined Space']",Electrical Maintenance,Gas Test Skipped
RPT-00077,2025-08-25,Lakwa Gas Plant,UA,routine equipment inspection round,"Observation (UA) at Lakwa Gas Plant - routine equipment inspection round in progress, however permit to work not issued before starting job, increasing risk of uncontrolled/unauthorized simultaneous operations.",0,0,0.256,Work Authorization,['Work Authorization'],Inspection / Housekeeping,Permit Not Issued
RPT-00078,2025-07-14,Duliajan Field,UA,driving light vehicle on site road,"Observation (UA) at Duliajan Field - driving light vehicle on site road in progress, however communication breakdown between crew and control room, increasing risk of vehicle collision.",0,0,0.044,Driving Safety,['Driving Safety'],Driving / Vehicle Movement,Communication Failure
RPT-00079,2025-06-29,Naharkatiya Tank Farm,UC,driving light vehicle on site road,Field audit at Naharkatiya Tank Farm identified driving light vehicle on site road where PPE (harness/gloves/goggles) not worn correctly. No injury occurred but potential for vehicle collision was high.,0,0,0.264,Driving Safety,"['Driving Safety', 'Working at Height']",Driving / Vehicle Movement,PPE Non-Compliance
RPT-00080,2025-01-11,Digboi Refinery,Near-Miss,routine equipment inspection round,Near-Miss raised at Digboi Refinery: worker engaged in routine equipment inspection round without following procedure - permit to work not issued before starting job.,0,0,0.403,Work Authorization,['Work Authorization'],Inspection / Housekeeping,Permit Not Issued
RPT-00081,2025-04-22,Numaligarh Terminal,UC,manual lifting with mobile crane,"During manual lifting with mobile crane at Numaligarh Terminal, it was observed that gas test not performed before entry. This created a direct exposure to dropped load / crane failure.",1,1,0.798,Safe Mechanical Lifting,"['Safe Mechanical Lifting', 'Confined Space']",Mechanical Lifting,PPE Non-Compliance
RPT-00082,2025-03-25,Barekuri Well Pad,UC,energy isolation / LOTO on pump,"During energy isolation / LOTO on pump at Barekuri Well Pad, it was observed that gas test not performed before entry. This created a direct exposure to unexpected equipment start-up / stored energy release.",0,1,0.793,Energy Isolation,"['Energy Isolation', 'Confined Space']",Energy Isolation / LOTO,Gas Test Skipped
RPT-00083,2025-07-12,Digboi Refinery,Incident,vehicle movement in loading bay,Field audit at Digboi Refinery identified vehicle movement in loading bay where permit to work not issued before starting job. No injury occurred but potential for vehicle collision was high.,0,0,0.273,Driving Safety,"['Driving Safety', 'Work Authorization']",Driving / Vehicle Movement,Permit Not Issued
RPT-00084,2025-06-04,Moran GGS,Near-Miss,hot work / welding near flammable storage,Near-Miss raised at Moran GGS: worker engaged in hot work / welding near flammable storage without following procedure - no lifting plan / unqualified rigger used.,1,1,0.81,Hot Work,"['Hot Work', 'Safe Mechanical Lifting']",Hot Work,Permit Not Issued
RPT-00085,2025-12-05,Lakwa Gas Plant,Near-Miss,hot work / welding near flammable storage,"While conducting hot work / welding near flammable storage, a near-miss occurred at Lakwa Gas Plant because no lifting plan / unqualified rigger used.",1,1,0.824,Hot Work,"['Hot Work', 'Safe Mechanical Lifting']",Hot Work,Permit Not Issued
RPT-00086,2025-02-24,Digboi Refinery,UA,excavation near buried pipeline,"Observation (UA) at Digboi Refinery - excavation near buried pipeline in progress, however supervision inadequate for high-risk task, increasing risk of being struck by moving/falling/suspended object.",0,0,0.104,Line of Fire,['Line of Fire'],Excavation,Inadequate Supervision
RPT-00087,2025-09-25,Kumchai Compressor Station,Near-Miss,routine equipment inspection round,"Observation (Near-Miss) at Kumchai Compressor Station - routine equipment inspection round in progress, however toolbox talk / risk assessment not conducted, increasing risk of uncontrolled/unauthorized simultaneous operations.",0,0,0.087,Work Authorization,['Work Authorization'],Inspection / Housekeeping,Risk Assessment Skipped
RPT-00088,2025-10-31,Barekuri Well Pad,Near-Miss,vehicle movement in loading bay,"Observation (Near-Miss) at Barekuri Well Pad - vehicle movement in loading bay in progress, however equipment inspection overdue / defective tool used, increasing risk of vehicle collision.",0,0,0.144,Driving Safety,['Driving Safety'],Driving / Vehicle Movement,Defective Equipment
RPT-00089,2025-08-26,Kumchai Compressor Station,UA,manual lifting with mobile crane,"Observation (UA) at Kumchai Compressor Station - manual lifting with mobile crane in progress, however PPE (harness/gloves/goggles) not worn correctly, increasing risk of dropped load / crane failure.",1,1,0.801,Safe Mechanical Lifting,"['Safe Mechanical Lifting', 'Working at Height']",Mechanical Lifting,PPE Non-Compliance
RPT-00090,2025-04-04,Lakwa Gas Plant,UA,routine equipment inspection round,"Observation (UA) at Lakwa Gas Plant - routine equipment inspection round in progress, however communication breakdown between crew and control room, increasing risk of uncontrolled/unauthorized simultaneous operations.",0,0,0.081,Work Authorization,['Work Authorization'],Inspection / Housekeeping,Communication Failure
RPT-00091,2025-05-22,Moran GGS,UA,energy isolation / LOTO on pump,Field audit at Moran GGS identified energy isolation / LOTO on pump where barricade/warning signage missing at work area. No injury occurred but potential for unexpected equipment start-up / stored energy release was high.,0,0,0.427,Energy Isolation,['Energy Isolation'],Energy Isolation / LOTO,Barricade/Signage Missing
RPT-00092,2025-05-04,Duliajan Field,UA,excavation near buried pipeline,"Observation (UA) at Duliajan Field - excavation near buried pipeline in progress, however isolation point not verified with lock and tag, increasing risk of being struck by moving/falling/suspended object.",0,0,0.295,Energy Isolation,"['Energy Isolation', 'Line of Fire']",Excavation,Isolation Not Verified
RPT-00093,2025-04-24,Jorajan Pipeline ROW,UC,routine equipment inspection round,"During routine equipment inspection round at Jorajan Pipeline ROW, it was observed that toolbox talk / risk assessment not conducted. This created a direct exposure to uncontrolled/unauthorized simultaneous operations.",0,0,0.118,Work Authorization,['Work Authorization'],Inspection / Housekeeping,Risk Assessment Skipped
RPT-00094,2025-08-06,Moran GGS,UC,driving light vehicle on site road,Field audit at Moran GGS identified driving light vehicle on site road where no lifting plan / unqualified rigger used. No injury occurred but potential for vehicle collision was high.,0,0,0.248,Driving Safety,"['Driving Safety', 'Safe Mechanical Lifting']",Driving / Vehicle Movement,Permit Not Issued
RPT-00095,2025-04-29,Duliajan Workshop,Near-Miss,energy isolation / LOTO on pump,"While conducting energy isolation / LOTO on pump, a near-miss occurred at Duliajan Workshop because supervision inadequate for high-risk task.",0,0,0.278,Energy Isolation,['Energy Isolation'],Energy Isolation / LOTO,Inadequate Supervision
RPT-00096,2025-09-05,Moran GGS,Near-Miss,energy isolation / LOTO on pump,Near-Miss raised at Moran GGS: worker engaged in energy isolation / LOTO on pump without following procedure - PPE (harness/gloves/goggles) not worn correctly.,1,1,0.794,Energy Isolation,"['Energy Isolation', 'Working at Height']",Energy Isolation / LOTO,PPE Non-Compliance
RPT-00097,2025-06-01,Lakwa Gas Plant,UA,excavation near buried pipeline,"During excavation near buried pipeline at Lakwa Gas Plant, it was observed that no lifting plan / unqualified rigger used. This created a direct exposure to being struck by moving/falling/suspended object.",0,1,0.62,Safe Mechanical Lifting,"['Safe Mechanical Lifting', 'Line of Fire']",Excavation,Permit Not Issued
RPT-00098,2025-01-24,Kumchai Compressor Station,UA,confined space entry into storage tank,Field audit at Kumchai Compressor Station identified confined space entry into storage tank where barricade/warning signage missing at work area. No injury occurred but potential for asphyxiation or toxic gas exposure was high.,1,0,0.47,Confined Space,['Confined Space'],Confined Space Entry,Barricade/Signage Missing
RPT-00099,2025-01-07,Duliajan Workshop,UC,driving light vehicle on site road,"Observation (UC) at Duliajan Workshop - driving light vehicle on site road in progress, however gas test not performed before entry, increasing risk of vehicle collision.",0,0,0.139,Driving Safety,"['Driving Safety', 'Confined Space']",Driving / Vehicle Movement,Gas Test Skipped
RPT-00100,2025-05-10,Barekuri Well Pad,UC,electrical panel maintenance,UC raised at Barekuri Well Pad: worker engaged in electrical panel maintenance without following procedure - toolbox talk / risk assessment not conducted.,0,0,0.492,Unclassified,[],Electrical Maintenance,Risk Assessment Skipped
RPT-00101,2025-01-28,Digboi Refinery,UC,hot work / welding near flammable storage,Field audit at Digboi Refinery identified hot work / welding near flammable storage where communication breakdown between crew and control room. No injury occurred but potential for fire or explosion in presence of flammable atmosphere was high.,0,0,0.327,Hot Work,['Hot Work'],Hot Work,Communication Failure
RPT-00102,2025-08-02,Numaligarh Terminal,UA,vehicle movement in loading bay,UA raised at Numaligarh Terminal: worker engaged in vehicle movement in loading bay without following procedure - barricade/warning signage missing at work area.,0,0,0.131,Driving Safety,['Driving Safety'],Driving / Vehicle Movement,Barricade/Signage Missing
RPT-00103,2025-08-15,Lakwa Gas Plant,Near-Miss,vehicle movement in loading bay,"Observation (Near-Miss) at Lakwa Gas Plant - vehicle movement in loading bay in progress, however isolation point not verified with lock and tag, increasing risk of vehicle collision.",0,0,0.382,Energy Isolation,"['Energy Isolation', 'Driving Safety']",Driving / Vehicle Movement,Isolation Not Verified
RPT-00104,2025-02-20,Lakwa Gas Plant,UC,line of fire during pipe fitting removal,"During line of fire during pipe fitting removal at Lakwa Gas Plant, it was observed that barricade/warning signage missing at work area. This created a direct exposure to being struck by moving/falling/suspended object.",0,0,0.479,Line of Fire,['Line of Fire'],Line of Fire Exposure,Barricade/Signage Missing
RPT-00105,2025-03-22,Moran GGS,UA,driving light vehicle on site road,UA raised at Moran GGS: worker engaged in driving light vehicle on site road without following procedure - PPE (harness/gloves/goggles) not worn correctly.,0,0,0.357,Driving Safety,"['Driving Safety', 'Working at Height']",Driving / Vehicle Movement,PPE Non-Compliance
RPT-00106,2025-12-28,Naharkatiya Tank Farm,UC,electrical panel maintenance,"During electrical panel maintenance at Naharkatiya Tank Farm, it was observed that no lifting plan / unqualified rigger used. This created a direct exposure to unexpected equipment start-up / stored energy release.",1,1,0.876,Safe Mechanical Lifting,"['Safe Mechanical Lifting', 'Energy Isolation']",Electrical Maintenance,Permit Not Issued
RPT-00107,2025-04-12,Jorajan Pipeline ROW,Incident,hot work / welding near flammable storage,Field audit at Jorajan Pipeline ROW identified hot work / welding near flammable storage where isolation point not verified with lock and tag. No injury occurred but potential for fire or explosion in presence of flammable atmosphere was high.,1,1,0.682,Hot Work,"['Hot Work', 'Energy Isolation']",Hot Work,Isolation Not Verified
RPT-00108,2025-02-06,Digboi Refinery,UC,excavation near buried pipeline,"While conducting excavation near buried pipeline, a uc occurred at Digboi Refinery because isolation point not verified with lock and tag.",0,0,0.309,Energy Isolation,['Energy Isolation'],Excavation,Isolation Not Verified
RPT-00109,2025-08-13,Numaligarh Terminal,Near-Miss,driving light vehicle on site road,Field audit at Numaligarh Terminal identified driving light vehicle on site road where no lifting plan / unqualified rigger used. No injury occurred but potential for vehicle collision was high.,0,0,0.224,Driving Safety,"['Driving Safety', 'Safe Mechanical Lifting']",Driving / Vehicle Movement,Permit Not Issued
RPT-00110,2025-09-10,Jorajan Pipeline ROW,Near-Miss,housekeeping / material storage,"While conducting housekeeping / material storage, a near-miss occurred at Jorajan Pipeline ROW because barricade/warning signage missing at work area.",0,0,0.139,Unclassified,[],Inspection / Housekeeping,Barricade/Signage Missing
RPT-00111,2025-01-14,Digboi Refinery,Incident,vehicle movement in loading bay,"While conducting vehicle movement in loading bay, a incident occurred at Digboi Refinery because permit to work not issued before starting job.",0,0,0.316,Driving Safety,"['Driving Safety', 'Work Authorization']",Driving / Vehicle Movement,Permit Not Issued
RPT-00112,2025-12-11,Moran GGS,UC,routine equipment inspection round,"During routine equipment inspection round at Moran GGS, it was observed that no lifting plan / unqualified rigger used. This created a direct exposure to uncontrolled/unauthorized simultaneous operations.",0,0,0.398,Safe Mechanical Lifting,"['Safe Mechanical Lifting', 'Work Authorization']",Inspection / Housekeeping,Permit Not Issued
RPT-00113,2025-04-03,Lakwa Gas Plant,UC,working at height on scaffolding,"Observation (UC) at Lakwa Gas Plant - working at height on scaffolding in progress, however gas test not performed before entry, increasing risk of fall from height.",0,1,0.776,Working at Height,"['Working at Height', 'Confined Space']",Working at Height,Gas Test Skipped
RPT-00114,2025-06-20,Naharkatiya Tank Farm,Incident,routine equipment inspection round,"Observation (Incident) at Naharkatiya Tank Farm - routine equipment inspection round in progress, however toolbox talk / risk assessment not conducted, increasing risk of uncontrolled/unauthorized simultaneous operations.",0,0,0.083,Work Authorization,['Work Authorization'],Inspection / Housekeeping,Risk Assessment Skipped
RPT-00115,2025-07-25,Digboi Refinery,UC,confined space entry into storage tank,"Observation (UC) at Digboi Refinery - confined space entry into storage tank in progress, however supervision inadequate for high-risk task, increasing risk of asphyxiation or toxic gas exposure.",0,0,0.354,Confined Space,['Confined Space'],Confined Space Entry,Inadequate Supervision
RPT-00116,2025-07-26,Duliajan Field,UA,electrical panel maintenance,"While conducting electrical panel maintenance, a ua occurred at Duliajan Field because PPE (harness/gloves/goggles) not worn correctly.",1,1,0.663,Working at Height,['Working at Height'],Electrical Maintenance,PPE Non-Compliance
RPT-00117,2025-07-05,Duliajan Field,UC,routine equipment inspection round,"During routine equipment inspection round at Duliajan Field, it was observed that equipment inspection overdue / defective tool used. This created a direct exposure to uncontrolled/unauthorized simultaneous operations.",0,0,0.177,Work Authorization,['Work Authorization'],Inspection / Housekeeping,Defective Equipment
RPT-00118,2025-03-09,Jorajan Pipeline ROW,Near-Miss,routine equipment inspection round,Near-Miss raised at Jorajan Pipeline ROW: worker engaged in routine equipment inspection round without following procedure - toolbox talk / risk assessment not conducted.,0,0,0.19,Unclassified,[],Inspection / Housekeeping,Risk Assessment Skipped
RPT-00119,2025-12-30,Jorajan Pipeline ROW,UA,housekeeping / material storage,Field audit at Jorajan Pipeline ROW identified housekeeping / material storage where toolbox talk / risk assessment not conducted. No injury occurred but potential for loss of critical safety function was high.,0,0,0.142,Unclassified,[],Inspection / Housekeeping,Risk Assessment Skipped
RPT-00120,2025-02-28,Barekuri Well Pad,UC,excavation near buried pipeline,"During excavation near buried pipeline at Barekuri Well Pad, it was observed that permit to work not issued before starting job. This created a direct exposure to being struck by moving/falling/suspended object.",0,0,0.338,Line of Fire,"['Line of Fire', 'Work Authorization']",Excavation,Permit Not Issued
RPT-00121,2025-05-20,Digboi Refinery,UC,routine equipment inspection round,"While conducting routine equipment inspection round, a uc occurred at Digboi Refinery because gas test not performed before entry.",0,0,0.295,Confined Space,['Confined Space'],Inspection / Housekeeping,Gas Test Skipped
RPT-00122,2025-11-03,Jorajan Pipeline ROW,UC,electrical panel maintenance,UC raised at Jorajan Pipeline ROW: worker engaged in electrical panel maintenance without following procedure - isolation point not verified with lock and tag.,1,1,0.807,Energy Isolation,['Energy Isolation'],Electrical Maintenance,Isolation Not Verified
RPT-00123,2025-09-17,Numaligarh Terminal,Near-Miss,hot work / welding near flammable storage,"Observation (Near-Miss) at Numaligarh Terminal - hot work / welding near flammable storage in progress, however barricade/warning signage missing at work area, increasing risk of fire or explosion in presence of flammable atmosphere.",0,0,0.376,Hot Work,['Hot Work'],Hot Work,Barricade/Signage Missing
RPT-00124,2025-09-08,Duliajan Field,Near-Miss,driving light vehicle on site road,Field audit at Duliajan Field identified driving light vehicle on site road where barricade/warning signage missing at work area. No injury occurred but potential for vehicle collision was high.,0,0,0.052,Driving Safety,['Driving Safety'],Driving / Vehicle Movement,Barricade/Signage Missing
RPT-00125,2025-07-13,Jorajan Pipeline ROW,UA,excavation near buried pipeline,Field audit at Jorajan Pipeline ROW identified excavation near buried pipeline where toolbox talk / risk assessment not conducted. No injury occurred but potential for being struck by moving/falling/suspended object was high.,0,0,0.168,Line of Fire,['Line of Fire'],Excavation,Risk Assessment Skipped
RPT-00126,2025-07-30,Kumchai Compressor Station,UC,manual lifting with mobile crane,UC raised at Kumchai Compressor Station: worker engaged in manual lifting with mobile crane without following procedure - isolation point not verified with lock and tag.,0,1,0.598,Safe Mechanical Lifting,"['Safe Mechanical Lifting', 'Energy Isolation']",Mechanical Lifting,Isolation Not Verified
RPT-00127,2025-12-06,Kumchai Compressor Station,Near-Miss,housekeeping / material storage,"Observation (Near-Miss) at Kumchai Compressor Station - housekeeping / material storage in progress, however toolbox talk / risk assessment not conducted, increasing risk of loss of critical safety function.",0,0,0.136,Unclassified,[],Inspection / Housekeeping,Risk Assessment Skipped
RPT-00128,2025-02-21,Numaligarh Terminal,UA,electrical panel maintenance,Field audit at Numaligarh Terminal identified electrical panel maintenance where permit to work not issued before starting job. No injury occurred but potential for unexpected equipment start-up / stored energy release was high.,1,1,0.739,Energy Isolation,"['Energy Isolation', 'Work Authorization']",Electrical Maintenance,Permit Not Issued
RPT-00129,2025-12-02,Digboi Refinery,UA,excavation near buried pipeline,UA raised at Digboi Refinery: worker engaged in excavation near buried pipeline without following procedure - toolbox talk / risk assessment not conducted.,0,0,0.12,Unclassified,[],Excavation,Risk Assessment Skipped
RPT-00130,2025-06-18,Digboi Refinery,UA,electrical panel maintenance,"Observation (UA) at Digboi Refinery - electrical panel maintenance in progress, however barricade/warning signage missing at work area, increasing risk of unexpected equipment start-up / stored energy release.",0,0,0.406,Energy Isolation,['Energy Isolation'],Electrical Maintenance,Barricade/Signage Missing
RPT-00131,2025-01-19,Duliajan Workshop,UC,line of fire during pipe fitting removal,"Observation (UC) at Duliajan Workshop - line of fire during pipe fitting removal in progress, however supervision inadequate for high-risk task, increasing risk of being struck by moving/falling/suspended object.",0,0,0.246,Line of Fire,['Line of Fire'],Line of Fire Exposure,Inadequate Supervision
RPT-00132,2025-02-20,Digboi Refinery,Incident,manual lifting with mobile crane,"During manual lifting with mobile crane at Digboi Refinery, it was observed that barricade/warning signage missing at work area. This created a direct exposure to dropped load / crane failure.",0,1,0.501,Safe Mechanical Lifting,['Safe Mechanical Lifting'],Mechanical Lifting,PPE Non-Compliance
RPT-00133,2025-01-29,Digboi Refinery,Near-Miss,electrical panel maintenance,"During electrical panel maintenance at Digboi Refinery, it was observed that gas test not performed before entry. This created a direct exposure to unexpected equipment start-up / stored energy release.",1,1,0.827,Energy Isolation,"['Energy Isolation', 'Confined Space']",Electrical Maintenance,Gas Test Skipped
RPT-00134,2025-12-16,Kumchai Compressor Station,UA,energy isolation / LOTO on pump,Field audit at Kumchai Compressor Station identified energy isolation / LOTO on pump where communication breakdown between crew and control room. No injury occurred but potential for unexpected equipment start-up / stored energy release was high.,0,0,0.387,Energy Isolation,['Energy Isolation'],Energy Isolation / LOTO,Communication Failure
RPT-00135,2025-05-04,Numaligarh Terminal,UC,confined space entry into storage tank,"Observation (UC) at Numaligarh Terminal - confined space entry into storage tank in progress, however PPE (harness/gloves/goggles) not worn correctly, increasing risk of asphyxiation or toxic gas exposure.",1,1,0.782,Confined Space,"['Confined Space', 'Working at Height']",Confined Space Entry,PPE Non-Compliance
RPT-00136,2025-12-08,Lakwa Gas Plant,UC,confined space entry into storage tank,"While conducting confined space entry into storage tank, a uc occurred at Lakwa Gas Plant because isolation point not verified with lock and tag.",1,1,0.764,Energy Isolation,"['Energy Isolation', 'Confined Space']",Confined Space Entry,Isolation Not Verified
RPT-00137,2025-10-28,Jorajan Pipeline ROW,UA,driving light vehicle on site road,"Observation (UA) at Jorajan Pipeline ROW - driving light vehicle on site road in progress, however equipment inspection overdue / defective tool used, increasing risk of vehicle collision.",0,0,0.094,Driving Safety,['Driving Safety'],Driving / Vehicle Movement,Defective Equipment
RPT-00138,2025-07-16,Naharkatiya Tank Farm,UC,housekeeping / material storage,"While conducting housekeeping / material storage, a uc occurred at Naharkatiya Tank Farm because barricade/warning signage missing at work area.",0,0,0.125,Unclassified,[],Inspection / Housekeeping,Barricade/Signage Missing
RPT-00139,2025-12-25,Digboi Refinery,UC,manual lifting with mobile crane,Field audit at Digboi Refinery identified manual lifting with mobile crane where communication breakdown between crew and control room. No injury occurred but potential for dropped load / crane failure was high.,0,0,0.382,Safe Mechanical Lifting,['Safe Mechanical Lifting'],Mechanical Lifting,PPE Non-Compliance
RPT-00140,2025-01-26,Duliajan Field,UA,routine equipment inspection round,Field audit at Duliajan Field identified routine equipment inspection round where communication breakdown between crew and control room. No injury occurred but potential for uncontrolled/unauthorized simultaneous operations was high.,0,0,0.073,Work Authorization,['Work Authorization'],Inspection / Housekeeping,Communication Failure
RPT-00141,2025-04-08,Jorajan Pipeline ROW,UC,driving light vehicle on site road,"While conducting driving light vehicle on site road, a uc occurred at Jorajan Pipeline ROW because isolation point not verified with lock and tag.",0,0,0.313,Driving Safety,"['Driving Safety', 'Energy Isolation']",Driving / Vehicle Movement,Isolation Not Verified
RPT-00142,2025-08-14,Barekuri Well Pad,UC,routine equipment inspection round,"During routine equipment inspection round at Barekuri Well Pad, it was observed that gas test not performed before entry. This created a direct exposure to uncontrolled/unauthorized simultaneous operations.",0,0,0.284,Confined Space,"['Confined Space', 'Work Authorization']",Inspection / Housekeeping,Gas Test Skipped
RPT-00143,2025-08-01,Lakwa Gas Plant,UA,energy isolation / LOTO on pump,"While conducting energy isolation / LOTO on pump, a ua occurred at Lakwa Gas Plant because gas test not performed before entry.",1,1,0.817,Energy Isolation,"['Energy Isolation', 'Confined Space']",Energy Isolation / LOTO,Gas Test Skipped
RPT-00144,2025-05-20,Moran GGS,Incident,confined space entry into storage tank,"While conducting confined space entry into storage tank, a incident occurred at Moran GGS because equipment inspection overdue / defective tool used.",0,0,0.402,Confined Space,['Confined Space'],Confined Space Entry,Defective Equipment
RPT-00145,2025-08-28,Barekuri Well Pad,Near-Miss,electrical panel maintenance,"While conducting electrical panel maintenance, a near-miss occurred at Barekuri Well Pad because barricade/warning signage missing at work area.",0,0,0.307,Unclassified,[],Electrical Maintenance,Barricade/Signage Missing
RPT-00146,2025-07-22,Numaligarh Terminal,Incident,manual lifting with mobile crane,Field audit at Numaligarh Terminal identified manual lifting with mobile crane where communication breakdown between crew and control room. No injury occurred but potential for dropped load / crane failure was high.,0,0,0.4,Safe Mechanical Lifting,['Safe Mechanical Lifting'],Mechanical Lifting,PPE Non-Compliance
RPT-00147,2025-11-23,Barekuri Well Pad,UC,excavation near buried pipeline,"While conducting excavation near buried pipeline, a uc occurred at Barekuri Well Pad because PPE (harness/gloves/goggles) not worn correctly.",0,0,0.34,Working at Height,['Working at Height'],Excavation,PPE Non-Compliance
RPT-00148,2025-10-15,Digboi Refinery,UC,routine equipment inspection round,Field audit at Digboi Refinery identified routine equipment inspection round where isolation point not verified with lock and tag. No injury occurred but potential for uncontrolled/unauthorized simultaneous operations was high.,0,0,0.272,Energy Isolation,"['Energy Isolation', 'Work Authorization']",Inspection / Housekeeping,Isolation Not Verified
RPT-00149,2025-06-04,Lakwa Gas Plant,UC,manual lifting with mobile crane,"Observation (UC) at Lakwa Gas Plant - manual lifting with mobile crane in progress, however PPE (harness/gloves/goggles) not worn correctly, increasing risk of dropped load / crane failure.",0,1,0.823,Safe Mechanical Lifting,"['Safe Mechanical Lifting', 'Working at Height']",Mechanical Lifting,PPE Non-Compliance
RPT-00150,2025-09-10,Naharkatiya Tank Farm,UA,hot work / welding near flammable storage,"During hot work / welding near flammable storage at Naharkatiya Tank Farm, it was observed that gas test not performed before entry. This created a direct exposure to fire or explosion in presence of flammable atmosphere.",1,1,0.761,Hot Work,"['Hot Work', 'Confined Space']",Hot Work,Gas Test Skipped
RPT-00151,2025-12-23,Digboi Refinery,UA,manual lifting with mobile crane,"Observation (UA) at Digboi Refinery - manual lifting with mobile crane in progress, however equipment inspection overdue / defective tool used, increasing risk of dropped load / crane failure.",0,1,0.526,Safe Mechanical Lifting,['Safe Mechanical Lifting'],Mechanical Lifting,PPE Non-Compliance
RPT-00152,2025-11-12,Naharkatiya Tank Farm,Incident,vehicle movement in loading bay,"During vehicle movement in loading bay at Naharkatiya Tank Farm, it was observed that gas test not performed before entry. This created a direct exposure to vehicle collision.",0,0,0.414,Confined Space,"['Confined Space', 'Driving Safety']",Driving / Vehicle Movement,Gas Test Skipped
RPT-00153,2025-07-05,Barekuri Well Pad,UA,working at height on scaffolding,"Observation (UA) at Barekuri Well Pad - working at height on scaffolding in progress, however supervision inadequate for high-risk task, increasing risk of fall from height.",0,0,0.456,Working at Height,['Working at Height'],Working at Height,Inadequate Supervision
RPT-00154,2025-03-04,Kumchai Compressor Station,UA,excavation near buried pipeline,"While conducting excavation near buried pipeline, a ua occurred at Kumchai Compressor Station because supervision inadequate for high-risk task.",0,0,0.105,Unclassified,[],Excavation,Inadequate Supervision
RPT-00155,2025-01-26,Digboi Refinery,UC,routine equipment inspection round,Field audit at Digboi Refinery identified routine equipment inspection round where isolation point not verified with lock and tag. No injury occurred but potential for uncontrolled/unauthorized simultaneous operations was high.,0,0,0.272,Energy Isolation,"['Energy Isolation', 'Work Authorization']",Inspection / Housekeeping,Isolation Not Verified
RPT-00156,2025-04-21,Moran GGS,UA,confined space entry into storage tank,Field audit at Moran GGS identified confined space entry into storage tank where no lifting plan / unqualified rigger used. No injury occurred but potential for asphyxiation or toxic gas exposure was high.,1,1,0.836,Safe Mechanical Lifting,"['Safe Mechanical Lifting', 'Confined Space']",Confined Space Entry,Permit Not Issued
RPT-00157,2025-10-04,Kumchai Compressor Station,UA,confined space entry into storage tank,UA raised at Kumchai Compressor Station: worker engaged in confined space entry into storage tank without following procedure - no lifting plan / unqualified rigger used.,0,1,0.666,Safe Mechanical Lifting,"['Safe Mechanical Lifting', 'Confined Space']",Confined Space Entry,Permit Not Issued
RPT-00158,2025-05-02,Numaligarh Terminal,UA,hot work / welding near flammable storage,"While conducting hot work / welding near flammable storage, a ua occurred at Numaligarh Terminal because permit to work not issued before starting job.",0,1,0.707,Hot Work,"['Hot Work', 'Work Authorization']",Hot Work,Permit Not Issued
RPT-00159,2025-09-27,Kumchai Compressor Station,UA,working at height on scaffolding,UA raised at Kumchai Compressor Station: worker engaged in working at height on scaffolding without following procedure - gas test not performed before entry.,1,1,0.69,Working at Height,"['Working at Height', 'Confined Space']",Working at Height,Gas Test Skipped
RPT-00160,2025-08-20,Digboi Refinery,Near-Miss,electrical panel maintenance,Field audit at Digboi Refinery identified electrical panel maintenance where toolbox talk / risk assessment not conducted. No injury occurred but potential for unexpected equipment start-up / stored energy release was high.,0,0,0.493,Energy Isolation,['Energy Isolation'],Electrical Maintenance,Risk Assessment Skipped
RPT-00161,2025-11-26,Moran GGS,Near-Miss,vehicle movement in loading bay,Field audit at Moran GGS identified vehicle movement in loading bay where permit to work not issued before starting job. No injury occurred but potential for vehicle collision was high.,0,0,0.314,Driving Safety,"['Driving Safety', 'Work Authorization']",Driving / Vehicle Movement,Permit Not Issued
RPT-00162,2025-08-16,Duliajan Field,UC,electrical panel maintenance,"During electrical panel maintenance at Duliajan Field, it was observed that communication breakdown between crew and control room. This created a direct exposure to unexpected equipment start-up / stored energy release.",0,0,0.449,Energy Isolation,['Energy Isolation'],Electrical Maintenance,Communication Failure
RPT-00163,2025-11-21,Digboi Refinery,UA,energy isolation / LOTO on pump,UA raised at Digboi Refinery: worker engaged in energy isolation / LOTO on pump without following procedure - no lifting plan / unqualified rigger used.,1,1,0.785,Energy Isolation,"['Energy Isolation', 'Safe Mechanical Lifting']",Energy Isolation / LOTO,Permit Not Issued
RPT-00164,2025-08-21,Duliajan Workshop,UC,housekeeping / material storage,Field audit at Duliajan Workshop identified housekeeping / material storage where supervision inadequate for high-risk task. No injury occurred but potential for loss of critical safety function was high.,0,0,0.092,Unclassified,[],Inspection / Housekeeping,Inadequate Supervision
RPT-00165,2025-11-30,Lakwa Gas Plant,Near-Miss,line of fire during pipe fitting removal,"During line of fire during pipe fitting removal at Lakwa Gas Plant, it was observed that PPE (harness/gloves/goggles) not worn correctly. This created a direct exposure to being struck by moving/falling/suspended object.",0,1,0.764,Line of Fire,"['Line of Fire', 'Working at Height']",Line of Fire Exposure,PPE Non-Compliance
RPT-00166,2025-08-21,Moran GGS,Incident,line of fire during pipe fitting removal,"Observation (Incident) at Moran GGS - line of fire during pipe fitting removal in progress, however toolbox talk / risk assessment not conducted, increasing risk of being struck by moving/falling/suspended object.",0,0,0.298,Line of Fire,['Line of Fire'],Line of Fire Exposure,Risk Assessment Skipped
RPT-00167,2025-07-11,Naharkatiya Tank Farm,UA,housekeeping / material storage,"While conducting housekeeping / material storage, a ua occurred at Naharkatiya Tank Farm because PPE (harness/gloves/goggles) not worn correctly.",0,0,0.397,Working at Height,['Working at Height'],Inspection / Housekeeping,PPE Non-Compliance
RPT-00168,2025-07-10,Jorajan Pipeline ROW,Near-Miss,hot work / welding near flammable storage,"During hot work / welding near flammable storage at Jorajan Pipeline ROW, it was observed that PPE (harness/gloves/goggles) not worn correctly. This created a direct exposure to fire or explosion in presence of flammable atmosphere.",1,1,0.729,Hot Work,"['Hot Work', 'Working at Height']",Hot Work,PPE Non-Compliance
RPT-00169,2025-03-04,Duliajan Workshop,Incident,working at height on scaffolding,Field audit at Duliajan Workshop identified working at height on scaffolding where no lifting plan / unqualified rigger used. No injury occurred but potential for fall from height was high.,1,1,0.781,Working at Height,"['Working at Height', 'Safe Mechanical Lifting']",Working at Height,Permit Not Issued
RPT-00170,2025-11-04,Kumchai Compressor Station,Incident,routine equipment inspection round,"During routine equipment inspection round at Kumchai Compressor Station, it was observed that communication breakdown between crew and control room. This created a direct exposure to uncontrolled/unauthorized simultaneous operations.",0,0,0.092,Work Authorization,['Work Authorization'],Inspection / Housekeeping,Communication Failure
RPT-00171,2025-04-25,Kumchai Compressor Station,UC,hot work / welding near flammable storage,UC raised at Kumchai Compressor Station: worker engaged in hot work / welding near flammable storage without following procedure - no lifting plan / unqualified rigger used.,1,1,0.767,Hot Work,"['Hot Work', 'Safe Mechanical Lifting']",Hot Work,Permit Not Issued
RPT-00172,2025-08-08,Kumchai Compressor Station,UA,excavation near buried pipeline,"While conducting excavation near buried pipeline, a ua occurred at Kumchai Compressor Station because supervision inadequate for high-risk task.",0,0,0.105,Unclassified,[],Excavation,Inadequate Supervision
RPT-00173,2025-05-20,Lakwa Gas Plant,UA,vehicle movement in loading bay,"While conducting vehicle movement in loading bay, a ua occurred at Lakwa Gas Plant because equipment inspection overdue / defective tool used.",1,0,0.34,Driving Safety,['Driving Safety'],Driving / Vehicle Movement,Defective Equipment
RPT-00174,2025-07-25,Barekuri Well Pad,UA,energy isolation / LOTO on pump,UA raised at Barekuri Well Pad: worker engaged in energy isolation / LOTO on pump without following procedure - supervision inadequate for high-risk task.,0,0,0.415,Energy Isolation,['Energy Isolation'],Energy Isolation / LOTO,Inadequate Supervision
RPT-00175,2025-08-03,Numaligarh Terminal,UA,housekeeping / material storage,Field audit at Numaligarh Terminal identified housekeeping / material storage where permit to work not issued before starting job. No injury occurred but potential for loss of critical safety function was high.,0,0,0.303,Work Authorization,['Work Authorization'],Inspection / Housekeeping,Permit Not Issued
RPT-00176,2025-10-18,Kumchai Compressor Station,UA,confined space entry into storage tank,"While conducting confined space entry into storage tank, a ua occurred at Kumchai Compressor Station because supervision inadequate for high-risk task.",0,0,0.313,Confined Space,['Confined Space'],Confined Space Entry,Inadequate Supervision
RPT-00177,2025-02-11,Digboi Refinery,UA,working at height on scaffolding,Field audit at Digboi Refinery identified working at height on scaffolding where gas test not performed before entry. No injury occurred but potential for fall from height was high.,1,1,0.795,Working at Height,"['Working at Height', 'Confined Space']",Working at Height,Gas Test Skipped
RPT-00178,2025-04-21,Jorajan Pipeline ROW,UC,routine equipment inspection round,"Observation (UC) at Jorajan Pipeline ROW - routine equipment inspection round in progress, however communication breakdown between crew and control room, increasing risk of uncontrolled/unauthorized simultaneous operations.",0,0,0.076,Work Authorization,['Work Authorization'],Inspection / Housekeeping,Communication Failure
RPT-00179,2025-12-08,Digboi Refinery,UA,energy isolation / LOTO on pump,Field audit at Digboi Refinery identified energy isolation / LOTO on pump where communication breakdown between crew and control room. No injury occurred but potential for unexpected equipment start-up / stored energy release was high.,0,0,0.384,Energy Isolation,['Energy Isolation'],Energy Isolation / LOTO,Communication Failure
RPT-00180,2025-06-04,Duliajan Field,Incident,manual lifting with mobile crane,"During manual lifting with mobile crane at Duliajan Field, it was observed that communication breakdown between crew and control room. This created a direct exposure to dropped load / crane failure.",1,0,0.417,Safe Mechanical Lifting,['Safe Mechanical Lifting'],Mechanical Lifting,PPE Non-Compliance
RPT-00181,2025-08-09,Numaligarh Terminal,UA,driving light vehicle on site road,"During driving light vehicle on site road at Numaligarh Terminal, it was observed that barricade/warning signage missing at work area. This created a direct exposure to vehicle collision.",0,0,0.091,Driving Safety,['Driving Safety'],Driving / Vehicle Movement,Barricade/Signage Missing
RPT-00182,2025-12-09,Numaligarh Terminal,Near-Miss,line of fire during pipe fitting removal,Field audit at Numaligarh Terminal identified line of fire during pipe fitting removal where equipment inspection overdue / defective tool used. No injury occurred but potential for being struck by moving/falling/suspended object was high.,0,0,0.49,Line of Fire,['Line of Fire'],Line of Fire Exposure,Defective Equipment
RPT-00183,2025-06-10,Digboi Refinery,UC,line of fire during pipe fitting removal,"Observation (UC) at Digboi Refinery - line of fire during pipe fitting removal in progress, however permit to work not issued before starting job, increasing risk of being struck by moving/falling/suspended object.",0,1,0.581,Line of Fire,"['Line of Fire', 'Work Authorization']",Line of Fire Exposure,Permit Not Issued
RPT-00184,2025-07-27,Naharkatiya Tank Farm,Near-Miss,vehicle movement in loading bay,"Observation (Near-Miss) at Naharkatiya Tank Farm - vehicle movement in loading bay in progress, however communication breakdown between crew and control room, increasing risk of vehicle collision.",0,0,0.113,Driving Safety,['Driving Safety'],Driving / Vehicle Movement,Communication Failure
RPT-00185,2025-02-24,Kumchai Compressor Station,UC,confined space entry into storage tank,"While conducting confined space entry into storage tank, a uc occurred at Kumchai Compressor Station because no lifting plan / unqualified rigger used.",1,1,0.748,Safe Mechanical Lifting,"['Safe Mechanical Lifting', 'Confined Space']",Confined Space Entry,Permit Not Issued
RPT-00186,2025-06-23,Naharkatiya Tank Farm,UC,vehicle movement in loading bay,"Observation (UC) at Naharkatiya Tank Farm - vehicle movement in loading bay in progress, however communication breakdown between crew and control room, increasing risk of vehicle collision.",0,0,0.112,Driving Safety,['Driving Safety'],Driving / Vehicle Movement,Communication Failure
RPT-00187,2025-04-10,Kumchai Compressor Station,UC,confined space entry into storage tank,"During confined space entry into storage tank at Kumchai Compressor Station, it was observed that PPE (harness/gloves/goggles) not worn correctly. This created a direct exposure to asphyxiation or toxic gas exposure.",1,1,0.754,Confined Space,"['Confined Space', 'Working at Height']",Confined Space Entry,PPE Non-Compliance
RPT-00188,2025-03-30,Kumchai Compressor Station,UA,housekeeping / material storage,UA raised at Kumchai Compressor Station: worker engaged in housekeeping / material storage without following procedure - gas test not performed before entry.,0,0,0.279,Confined Space,['Confined Space'],Inspection / Housekeeping,Gas Test Skipped
RPT-00189,2025-10-16,Numaligarh Terminal,UA,routine equipment inspection round,"Observation (UA) at Numaligarh Terminal - routine equipment inspection round in progress, however PPE (harness/gloves/goggles) not worn correctly, increasing risk of uncontrolled/unauthorized simultaneous operations.",0,0,0.324,Working at Height,"['Working at Height', 'Work Authorization']",Inspection / Housekeeping,PPE Non-Compliance
RPT-00190,2025-11-18,Jorajan Pipeline ROW,UC,routine equipment inspection round,Field audit at Jorajan Pipeline ROW identified routine equipment inspection round where no lifting plan / unqualified rigger used. No injury occurred but potential for uncontrolled/unauthorized simultaneous operations was high.,0,0,0.309,Safe Mechanical Lifting,"['Safe Mechanical Lifting', 'Work Authorization']",Inspection / Housekeeping,Permit Not Issued
RPT-00191,2025-10-30,Numaligarh Terminal,UC,electrical panel maintenance,"While conducting electrical panel maintenance, a uc occurred at Numaligarh Terminal because PPE (harness/gloves/goggles) not worn correctly.",0,1,0.796,Working at Height,['Working at Height'],Electrical Maintenance,PPE Non-Compliance
RPT-00192,2025-07-08,Kumchai Compressor Station,UA,excavation near buried pipeline,"Observation (UA) at Kumchai Compressor Station - excavation near buried pipeline in progress, however PPE (harness/gloves/goggles) not worn correctly, increasing risk of being struck by moving/falling/suspended object.",1,0,0.427,Line of Fire,"['Line of Fire', 'Working at Height']",Excavation,PPE Non-Compliance
RPT-00193,2025-10-25,Digboi Refinery,UC,routine equipment inspection round,Field audit at Digboi Refinery identified routine equipment inspection round where PPE (harness/gloves/goggles) not worn correctly. No injury occurred but potential for uncontrolled/unauthorized simultaneous operations was high.,0,0,0.285,Working at Height,"['Working at Height', 'Work Authorization']",Inspection / Housekeeping,PPE Non-Compliance
RPT-00194,2025-09-14,Duliajan Field,Near-Miss,electrical panel maintenance,"While conducting electrical panel maintenance, a near-miss occurred at Duliajan Field because no lifting plan / unqualified rigger used.",1,1,0.715,Safe Mechanical Lifting,['Safe Mechanical Lifting'],Electrical Maintenance,Permit Not Issued
RPT-00195,2025-02-13,Duliajan Field,Near-Miss,electrical panel maintenance,"While conducting electrical panel maintenance, a near-miss occurred at Duliajan Field because PPE (harness/gloves/goggles) not worn correctly.",0,1,0.664,Working at Height,['Working at Height'],Electrical Maintenance,PPE Non-Compliance
RPT-00196,2025-11-09,Numaligarh Terminal,Near-Miss,working at height on scaffolding,"Observation (Near-Miss) at Numaligarh Terminal - working at height on scaffolding in progress, however isolation point not verified with lock and tag, increasing risk of fall from height.",1,1,0.785,Working at Height,"['Working at Height', 'Energy Isolation']",Working at Height,Isolation Not Verified
RPT-00197,2025-01-27,Kumchai Compressor Station,UC,energy isolation / LOTO on pump,"While conducting energy isolation / LOTO on pump, a uc occurred at Kumchai Compressor Station because barricade/warning signage missing at work area.",0,0,0.357,Energy Isolation,['Energy Isolation'],Energy Isolation / LOTO,Barricade/Signage Missing
RPT-00198,2025-12-03,Kumchai Compressor Station,UA,hot work / welding near flammable storage,"Observation (UA) at Kumchai Compressor Station - hot work / welding near flammable storage in progress, however supervision inadequate for high-risk task, increasing risk of fire or explosion in presence of flammable atmosphere.",0,0,0.374,Hot Work,['Hot Work'],Hot Work,Inadequate Supervision
RPT-00199,2025-06-08,Numaligarh Terminal,UC,energy isolation / LOTO on pump,UC raised at Numaligarh Terminal: worker engaged in energy isolation / LOTO on pump without following procedure - PPE (harness/gloves/goggles) not worn correctly.,0,1,0.808,Energy Isolation,"['Energy Isolation', 'Working at Height']",Energy Isolation / LOTO,PPE Non-Compliance
RPT-00200,2025-07-12,Naharkatiya Tank Farm,Near-Miss,confined space entry into storage tank,"During confined space entry into storage tank at Naharkatiya Tank Farm, it was observed that no lifting plan / unqualified rigger used. This created a direct exposure to asphyxiation or toxic gas exposure.",1,1,0.816,Safe Mechanical Lifting,"['Safe Mechanical Lifting', 'Confined Space']",Confined Space Entry,Permit Not Issued
RPT-00201,2025-01-10,Kumchai Compressor Station,UA,confined space entry into storage tank,"Observation (UA) at Kumchai Compressor Station - confined space entry into storage tank in progress, however equipment inspection overdue / defective tool used, increasing risk of asphyxiation or toxic gas exposure.",0,0,0.46,Confined Space,['Confined Space'],Confined Space Entry,Defective Equipment
RPT-00202,2025-03-12,Barekuri Well Pad,UA,confined space entry into storage tank,"Observation (UA) at Barekuri Well Pad - confined space entry into storage tank in progress, however isolation point not verified with lock and tag, increasing risk of asphyxiation or toxic gas exposure.",1,1,0.676,Energy Isolation,"['Energy Isolation', 'Confined Space']",Confined Space Entry,Isolation Not Verified
RPT-00203,2025-09-27,Digboi Refinery,UC,driving light vehicle on site road,Field audit at Digboi Refinery identified driving light vehicle on site road where PPE (harness/gloves/goggles) not worn correctly. No injury occurred but potential for vehicle collision was high.,0,0,0.217,Driving Safety,"['Driving Safety', 'Working at Height']",Driving / Vehicle Movement,PPE Non-Compliance
RPT-00204,2025-12-21,Kumchai Compressor Station,UC,vehicle movement in loading bay,UC raised at Kumchai Compressor Station: worker engaged in vehicle movement in loading bay without following procedure - gas test not performed before entry.,0,0,0.343,Confined Space,"['Confined Space', 'Driving Safety']",Driving / Vehicle Movement,Gas Test Skipped
RPT-00205,2025-05-02,Numaligarh Terminal,UA,housekeeping / material storage,"While conducting housekeeping / material storage, a ua occurred at Numaligarh Terminal because toolbox talk / risk assessment not conducted.",0,0,0.122,Unclassified,[],Inspection / Housekeeping,Risk Assessment Skipped
RPT-00206,2025-08-29,Lakwa Gas Plant,UA,driving light vehicle on site road,UA raised at Lakwa Gas Plant: worker engaged in driving light vehicle on site road without following procedure - toolbox talk / risk assessment not conducted.,0,0,0.128,Driving Safety,['Driving Safety'],Driving / Vehicle Movement,Risk Assessment Skipped
RPT-00207,2025-07-15,Kumchai Compressor Station,Incident,routine equipment inspection round,"Observation (Incident) at Kumchai Compressor Station - routine equipment inspection round in progress, however no lifting plan / unqualified rigger used, increasing risk of uncontrolled/unauthorized simultaneous operations.",0,0,0.212,Safe Mechanical Lifting,"['Safe Mechanical Lifting', 'Work Authorization']",Inspection / Housekeeping,Permit Not Issued
RPT-00208,2025-05-09,Duliajan Workshop,Near-Miss,line of fire during pipe fitting removal,Field audit at Duliajan Workshop identified line of fire during pipe fitting removal where gas test not performed before entry. No injury occurred but potential for being struck by moving/falling/suspended object was high.,1,1,0.621,Line of Fire,"['Line of Fire', 'Confined Space']",Line of Fire Exposure,Gas Test Skipped
RPT-00209,2025-05-26,Jorajan Pipeline ROW,Incident,energy isolation / LOTO on pump,Field audit at Jorajan Pipeline ROW identified energy isolation / LOTO on pump where equipment inspection overdue / defective tool used. No injury occurred but potential for unexpected equipment start-up / stored energy release was high.,0,1,0.556,Energy Isolation,['Energy Isolation'],Energy Isolation / LOTO,Defective Equipment
RPT-00210,2025-02-16,Numaligarh Terminal,Incident,driving light vehicle on site road,Incident raised at Numaligarh Terminal: worker engaged in driving light vehicle on site road without following procedure - toolbox talk / risk assessment not conducted.,0,0,0.114,Driving Safety,['Driving Safety'],Driving / Vehicle Movement,Risk Assessment Skipped
RPT-00211,2025-05-01,Jorajan Pipeline ROW,UC,energy isolation / LOTO on pump,"Observation (UC) at Jorajan Pipeline ROW - energy isolation / LOTO on pump in progress, however permit to work not issued before starting job, increasing risk of unexpected equipment start-up / stored energy release.",1,1,0.733,Energy Isolation,"['Energy Isolation', 'Work Authorization']",Energy Isolation / LOTO,Permit Not Issued
RPT-00212,2025-11-29,Digboi Refinery,UA,energy isolation / LOTO on pump,"During energy isolation / LOTO on pump at Digboi Refinery, it was observed that isolation point not verified with lock and tag. This created a direct exposure to unexpected equipment start-up / stored energy release.",0,1,0.8,Energy Isolation,['Energy Isolation'],Energy Isolation / LOTO,Isolation Not Verified
RPT-00213,2025-03-13,Numaligarh Terminal,UA,confined space entry into storage tank,"Observation (UA) at Numaligarh Terminal - confined space entry into storage tank in progress, however permit to work not issued before starting job, increasing risk of asphyxiation or toxic gas exposure.",1,1,0.667,Confined Space,"['Confined Space', 'Work Authorization']",Confined Space Entry,Permit Not Issued
RPT-00214,2025-04-21,Jorajan Pipeline ROW,UA,electrical panel maintenance,"During electrical panel maintenance at Jorajan Pipeline ROW, it was observed that no lifting plan / unqualified rigger used. This created a direct exposure to unexpected equipment start-up / stored energy release.",1,1,0.87,Safe Mechanical Lifting,"['Safe Mechanical Lifting', 'Energy Isolation']",Electrical Maintenance,Permit Not Issued
RPT-00215,2025-05-02,Duliajan Workshop,UC,housekeeping / material storage,"During housekeeping / material storage at Duliajan Workshop, it was observed that no lifting plan / unqualified rigger used. This created a direct exposure to loss of critical safety function.",0,0,0.351,Safe Mechanical Lifting,['Safe Mechanical Lifting'],Inspection / Housekeeping,Permit Not Issued
RPT-00216,2025-02-26,Digboi Refinery,UC,working at height on scaffolding,Field audit at Digboi Refinery identified working at height on scaffolding where isolation point not verified with lock and tag. No injury occurred but potential for fall from height was high.,1,1,0.809,Working at Height,"['Working at Height', 'Energy Isolation']",Working at Height,Isolation Not Verified
RPT-00217,2025-03-15,Lakwa Gas Plant,UC,excavation near buried pipeline,Field audit at Lakwa Gas Plant identified excavation near buried pipeline where permit to work not issued before starting job. No injury occurred but potential for being struck by moving/falling/suspended object was high.,0,0,0.387,Line of Fire,"['Line of Fire', 'Work Authorization']",Excavation,Permit Not Issued
RPT-00218,2025-12-07,Naharkatiya Tank Farm,UC,working at height on scaffolding,Field audit at Naharkatiya Tank Farm identified working at height on scaffolding where no lifting plan / unqualified rigger used. No injury occurred but potential for fall from height was high.,1,1,0.846,Working at Height,"['Working at Height', 'Safe Mechanical Lifting']",Working at Height,Permit Not Issued
RPT-00219,2025-09-17,Digboi Refinery,UA,excavation near buried pipeline,Field audit at Digboi Refinery identified excavation near buried pipeline where supervision inadequate for high-risk task. No injury occurred but potential for being struck by moving/falling/suspended object was high.,0,0,0.138,Line of Fire,['Line of Fire'],Excavation,Inadequate Supervision
RPT-00220,2025-05-10,Duliajan Field,UA,line of fire during pipe fitting removal,"Observation (UA) at Duliajan Field - line of fire during pipe fitting removal in progress, however toolbox talk / risk assessment not conducted, increasing risk of being struck by moving/falling/suspended object.",0,0,0.287,Line of Fire,['Line of Fire'],Line of Fire Exposure,Risk Assessment Skipped
RPT-00221,2025-06-20,Duliajan Field,UA,energy isolation / LOTO on pump,"During energy isolation / LOTO on pump at Duliajan Field, it was observed that PPE (harness/gloves/goggles) not worn correctly. This created a direct exposure to unexpected equipment start-up / stored energy release.",0,1,0.772,Energy Isolation,"['Energy Isolation', 'Working at Height']",Energy Isolation / LOTO,PPE Non-Compliance
RPT-00222,2025-12-17,Duliajan Field,UA,energy isolation / LOTO on pump,UA raised at Duliajan Field: worker engaged in energy isolation / LOTO on pump without following procedure - equipment inspection overdue / defective tool used.,0,1,0.549,Energy Isolation,['Energy Isolation'],Energy Isolation / LOTO,Defective Equipment
RPT-00223,2025-08-23,Jorajan Pipeline ROW,Near-Miss,routine equipment inspection round,"During routine equipment inspection round at Jorajan Pipeline ROW, it was observed that gas test not performed before entry. This created a direct exposure to uncontrolled/unauthorized simultaneous operations.",0,0,0.316,Confined Space,"['Confined Space', 'Work Authorization']",Inspection / Housekeeping,Gas Test Skipped
RPT-00224,2025-06-08,Barekuri Well Pad,Near-Miss,manual lifting with mobile crane,"During manual lifting with mobile crane at Barekuri Well Pad, it was observed that permit to work not issued before starting job. This created a direct exposure to dropped load / crane failure.",1,1,0.671,Safe Mechanical Lifting,"['Safe Mechanical Lifting', 'Work Authorization']",Mechanical Lifting,Permit Not Issued
RPT-00225,2025-01-25,Naharkatiya Tank Farm,UA,excavation near buried pipeline,UA raised at Naharkatiya Tank Farm: worker engaged in excavation near buried pipeline without following procedure - toolbox talk / risk assessment not conducted.,0,0,0.154,Unclassified,[],Excavation,Risk Assessment Skipped
RPT-00226,2025-08-14,Kumchai Compressor Station,Near-Miss,driving light vehicle on site road,"Observation (Near-Miss) at Kumchai Compressor Station - driving light vehicle on site road in progress, however PPE (harness/gloves/goggles) not worn correctly, increasing risk of vehicle collision.",0,0,0.265,Driving Safety,"['Driving Safety', 'Working at Height']",Driving / Vehicle Movement,PPE Non-Compliance
RPT-00227,2025-09-23,Kumchai Compressor Station,Near-Miss,confined space entry into storage tank,"While conducting confined space entry into storage tank, a near-miss occurred at Kumchai Compressor Station because toolbox talk / risk assessment not conducted.",0,0,0.353,Confined Space,['Confined Space'],Confined Space Entry,Risk Assessment Skipped
RPT-00228,2025-04-03,Digboi Refinery,UA,housekeeping / material storage,Field audit at Digboi Refinery identified housekeeping / material storage where communication breakdown between crew and control room. No injury occurred but potential for loss of critical safety function was high.,0,0,0.099,Unclassified,[],Inspection / Housekeeping,Communication Failure
RPT-00229,2025-11-05,Barekuri Well Pad,UA,energy isolation / LOTO on pump,"While conducting energy isolation / LOTO on pump, a ua occurred at Barekuri Well Pad because PPE (harness/gloves/goggles) not worn correctly.",1,1,0.732,Energy Isolation,"['Energy Isolation', 'Working at Height']",Energy Isolation / LOTO,PPE Non-Compliance
RPT-00230,2025-06-30,Naharkatiya Tank Farm,UC,confined space entry into storage tank,"During confined space entry into storage tank at Naharkatiya Tank Farm, it was observed that toolbox talk / risk assessment not conducted. This created a direct exposure to asphyxiation or toxic gas exposure.",0,0,0.483,Confined Space,['Confined Space'],Confined Space Entry,Risk Assessment Skipped
RPT-00231,2025-12-14,Naharkatiya Tank Farm,UA,driving light vehicle on site road,"Observation (UA) at Naharkatiya Tank Farm - driving light vehicle on site road in progress, however permit to work not issued before starting job, increasing risk of vehicle collision.",0,0,0.205,Driving Safety,"['Driving Safety', 'Work Authorization']",Driving / Vehicle Movement,Permit Not Issued
RPT-00232,2025-02-04,Duliajan Field,Near-Miss,confined space entry into storage tank,"Observation (Near-Miss) at Duliajan Field - confined space entry into storage tank in progress, however no lifting plan / unqualified rigger used, increasing risk of asphyxiation or toxic gas exposure.",1,1,0.698,Safe Mechanical Lifting,"['Safe Mechanical Lifting', 'Confined Space']",Confined Space Entry,Permit Not Issued
RPT-00233,2025-12-14,Kumchai Compressor Station,Incident,energy isolation / LOTO on pump,"During energy isolation / LOTO on pump at Kumchai Compressor Station, it was observed that communication breakdown between crew and control room. This created a direct exposure to unexpected equipment start-up / stored energy release.",0,0,0.478,Energy Isolation,['Energy Isolation'],Energy Isolation / LOTO,Communication Failure
RPT-00234,2025-07-07,Kumchai Compressor Station,Near-Miss,energy isolation / LOTO on pump,Field audit at Kumchai Compressor Station identified energy isolation / LOTO on pump where toolbox talk / risk assessment not conducted. No injury occurred but potential for unexpected equipment start-up / stored energy release was high.,1,0,0.461,Energy Isolation,['Energy Isolation'],Energy Isolation / LOTO,Risk Assessment Skipped
RPT-00235,2025-04-06,Kumchai Compressor Station,UA,routine equipment inspection round,"During routine equipment inspection round at Kumchai Compressor Station, it was observed that barricade/warning signage missing at work area. This created a direct exposure to uncontrolled/unauthorized simultaneous operations.",1,0,0.117,Work Authorization,['Work Authorization'],Inspection / Housekeeping,Barricade/Signage Missing
RPT-00236,2025-04-20,Duliajan Workshop,UA,line of fire during pipe fitting removal,"While conducting line of fire during pipe fitting removal, a ua occurred at Duliajan Workshop because equipment inspection overdue / defective tool used.",0,0,0.364,Line of Fire,['Line of Fire'],Line of Fire Exposure,Defective Equipment
RPT-00237,2025-08-20,Barekuri Well Pad,UA,housekeeping / material storage,UA raised at Barekuri Well Pad: worker engaged in housekeeping / material storage without following procedure - toolbox talk / risk assessment not conducted.,0,0,0.117,Unclassified,[],Inspection / Housekeeping,Risk Assessment Skipped
RPT-00238,2025-05-29,Jorajan Pipeline ROW,Near-Miss,hot work / welding near flammable storage,"During hot work / welding near flammable storage at Jorajan Pipeline ROW, it was observed that supervision inadequate for high-risk task. This created a direct exposure to fire or explosion in presence of flammable atmosphere.",0,0,0.498,Hot Work,['Hot Work'],Hot Work,Inadequate Supervision
RPT-00239,2025-04-13,Numaligarh Terminal,Near-Miss,housekeeping / material storage,Field audit at Numaligarh Terminal identified housekeeping / material storage where gas test not performed before entry. No injury occurred but potential for loss of critical safety function was high.,0,0,0.309,Confined Space,['Confined Space'],Inspection / Housekeeping,Gas Test Skipped
RPT-00240,2025-10-10,Moran GGS,UC,electrical panel maintenance,Field audit at Moran GGS identified electrical panel maintenance where permit to work not issued before starting job. No injury occurred but potential for unexpected equipment start-up / stored energy release was high.,1,1,0.757,Energy Isolation,"['Energy Isolation', 'Work Authorization']",Electrical Maintenance,Permit Not Issued
RPT-00241,2025-07-29,Lakwa Gas Plant,UA,hot work / welding near flammable storage,"Observation (UA) at Lakwa Gas Plant - hot work / welding near flammable storage in progress, however PPE (harness/gloves/goggles) not worn correctly, increasing risk of fire or explosion in presence of flammable atmosphere.",1,1,0.784,Hot Work,"['Hot Work', 'Working at Height']",Hot Work,PPE Non-Compliance
RPT-00242,2025-09-22,Digboi Refinery,UC,confined space entry into storage tank,"Observation (UC) at Digboi Refinery - confined space entry into storage tank in progress, however supervision inadequate for high-risk task, increasing risk of asphyxiation or toxic gas exposure.",0,0,0.354,Confined Space,['Confined Space'],Confined Space Entry,Inadequate Supervision
RPT-00243,2025-01-29,Numaligarh Terminal,UA,excavation near buried pipeline,UA raised at Numaligarh Terminal: worker engaged in excavation near buried pipeline without following procedure - no lifting plan / unqualified rigger used.,0,0,0.483,Safe Mechanical Lifting,['Safe Mechanical Lifting'],Excavation,Permit Not Issued
RPT-00244,2025-04-26,Duliajan Workshop,UA,confined space entry into storage tank,"While conducting confined space entry into storage tank, a ua occurred at Duliajan Workshop because barricade/warning signage missing at work area.",0,0,0.195,Confined Space,['Confined Space'],Confined Space Entry,Barricade/Signage Missing
RPT-00245,2025-11-17,Duliajan Workshop,UA,driving light vehicle on site road,Field audit at Duliajan Workshop identified driving light vehicle on site road where PPE (harness/gloves/goggles) not worn correctly. No injury occurred but potential for vehicle collision was high.,0,0,0.172,Driving Safety,"['Driving Safety', 'Working at Height']",Driving / Vehicle Movement,PPE Non-Compliance
RPT-00246,2025-10-25,Lakwa Gas Plant,UC,excavation near buried pipeline,UC raised at Lakwa Gas Plant: worker engaged in excavation near buried pipeline without following procedure - PPE (harness/gloves/goggles) not worn correctly.,0,1,0.52,Working at Height,['Working at Height'],Excavation,PPE Non-Compliance
RPT-00247,2025-10-16,Numaligarh Terminal,Near-Miss,routine equipment inspection round,Field audit at Numaligarh Terminal identified routine equipment inspection round where no lifting plan / unqualified rigger used. No injury occurred but potential for uncontrolled/unauthorized simultaneous operations was high.,0,0,0.295,Safe Mechanical Lifting,"['Safe Mechanical Lifting', 'Work Authorization']",Inspection / Housekeeping,Permit Not Issued
RPT-00248,2025-04-18,Duliajan Field,Incident,hot work / welding near flammable storage,Field audit at Duliajan Field identified hot work / welding near flammable storage where permit to work not issued before starting job. No injury occurred but potential for fire or explosion in presence of flammable atmosphere was high.,1,1,0.611,Hot Work,"['Hot Work', 'Work Authorization']",Hot Work,Permit Not Issued
RPT-00249,2025-06-04,Naharkatiya Tank Farm,UC,vehicle movement in loading bay,Field audit at Naharkatiya Tank Farm identified vehicle movement in loading bay where permit to work not issued before starting job. No injury occurred but potential for vehicle collision was high.,0,0,0.326,Driving Safety,"['Driving Safety', 'Work Authorization']",Driving / Vehicle Movement,Permit Not Issued
RPT-00250,2025-03-22,Moran GGS,UA,routine equipment inspection round,"During routine equipment inspection round at Moran GGS, it was observed that communication breakdown between crew and control room. This created a direct exposure to uncontrolled/unauthorized simultaneous operations.",0,0,0.098,Work Authorization,['Work Authorization'],Inspection / Housekeeping,Communication Failure
RPT-00251,2025-06-13,Naharkatiya Tank Farm,UA,electrical panel maintenance,Field audit at Naharkatiya Tank Farm identified electrical panel maintenance where toolbox talk / risk assessment not conducted. No injury occurred but potential for unexpected equipment start-up / stored energy release was high.,1,1,0.545,Energy Isolation,['Energy Isolation'],Electrical Maintenance,Risk Assessment Skipped
RPT-00252,2025-06-13,Kumchai Compressor Station,Near-Miss,line of fire during pipe fitting removal,Field audit at Kumchai Compressor Station identified line of fire during pipe fitting removal where gas test not performed before entry. No injury occurred but potential for being struck by moving/falling/suspended object was high.,1,1,0.681,Line of Fire,"['Line of Fire', 'Confined Space']",Line of Fire Exposure,Gas Test Skipped
RPT-00253,2025-05-29,Jorajan Pipeline ROW,UC,hot work / welding near flammable storage,UC raised at Jorajan Pipeline ROW: worker engaged in hot work / welding near flammable storage without following procedure - barricade/warning signage missing at work area.,1,0,0.447,Hot Work,['Hot Work'],Hot Work,Barricade/Signage Missing
RPT-00254,2025-10-23,Lakwa Gas Plant,Incident,line of fire during pipe fitting removal,Incident raised at Lakwa Gas Plant: worker engaged in line of fire during pipe fitting removal without following procedure - isolation point not verified with lock and tag.,0,1,0.781,Energy Isolation,"['Energy Isolation', 'Line of Fire']",Line of Fire Exposure,Isolation Not Verified
RPT-00255,2025-06-07,Kumchai Compressor Station,UC,manual lifting with mobile crane,Field audit at Kumchai Compressor Station identified manual lifting with mobile crane where gas test not performed before entry. No injury occurred but potential for dropped load / crane failure was high.,1,1,0.726,Safe Mechanical Lifting,"['Safe Mechanical Lifting', 'Confined Space']",Mechanical Lifting,PPE Non-Compliance
RPT-00256,2025-06-30,Duliajan Field,UC,hot work / welding near flammable storage,UC raised at Duliajan Field: worker engaged in hot work / welding near flammable storage without following procedure - communication breakdown between crew and control room.,1,0,0.398,Hot Work,['Hot Work'],Hot Work,Communication Failure
RPT-00257,2025-01-05,Duliajan Field,UC,driving light vehicle on site road,"Observation (UC) at Duliajan Field - driving light vehicle on site road in progress, however toolbox talk / risk assessment not conducted, increasing risk of vehicle collision.",0,0,0.068,Driving Safety,['Driving Safety'],Driving / Vehicle Movement,Risk Assessment Skipped
RPT-00258,2025-07-25,Naharkatiya Tank Farm,Near-Miss,confined space entry into storage tank,"Observation (Near-Miss) at Naharkatiya Tank Farm - confined space entry into storage tank in progress, however barricade/warning signage missing at work area, increasing risk of asphyxiation or toxic gas exposure.",0,0,0.348,Confined Space,['Confined Space'],Confined Space Entry,Barricade/Signage Missing
RPT-00259,2025-09-16,Lakwa Gas Plant,UC,excavation near buried pipeline,"While conducting excavation near buried pipeline, a uc occurred at Lakwa Gas Plant because isolation point not verified with lock and tag.",0,0,0.444,Energy Isolation,['Energy Isolation'],Excavation,Isolation Not Verified
RPT-00260,2025-02-19,Duliajan Workshop,Near-Miss,driving light vehicle on site road,"During driving light vehicle on site road at Duliajan Workshop, it was observed that no lifting plan / unqualified rigger used. This created a direct exposure to vehicle collision.",0,0,0.249,Driving Safety,"['Driving Safety', 'Safe Mechanical Lifting']",Driving / Vehicle Movement,Permit Not Issued
RPT-00261,2025-09-18,Kumchai Compressor Station,Incident,energy isolation / LOTO on pump,Incident raised at Kumchai Compressor Station: worker engaged in energy isolation / LOTO on pump without following procedure - equipment inspection overdue / defective tool used.,1,0,0.493,Energy Isolation,['Energy Isolation'],Energy Isolation / LOTO,Defective Equipment
RPT-00262,2025-09-23,Duliajan Workshop,UA,working at height on scaffolding,"While conducting working at height on scaffolding, a ua occurred at Duliajan Workshop because permit to work not issued before starting job.",0,1,0.623,Working at Height,"['Working at Height', 'Work Authorization']",Working at Height,Permit Not Issued
RPT-00263,2025-07-21,Numaligarh Terminal,UA,vehicle movement in loading bay,Field audit at Numaligarh Terminal identified vehicle movement in loading bay where equipment inspection overdue / defective tool used. No injury occurred but potential for vehicle collision was high.,0,0,0.167,Driving Safety,['Driving Safety'],Driving / Vehicle Movement,Defective Equipment
RPT-00264,2025-12-29,Barekuri Well Pad,UC,vehicle movement in loading bay,Field audit at Barekuri Well Pad identified vehicle movement in loading bay where supervision inadequate for high-risk task. No injury occurred but potential for vehicle collision was high.,0,0,0.102,Driving Safety,['Driving Safety'],Driving / Vehicle Movement,Inadequate Supervision
RPT-00265,2025-10-26,Barekuri Well Pad,UC,electrical panel maintenance,"During electrical panel maintenance at Barekuri Well Pad, it was observed that permit to work not issued before starting job. This created a direct exposure to unexpected equipment start-up / stored energy release.",0,1,0.692,Energy Isolation,"['Energy Isolation', 'Work Authorization']",Electrical Maintenance,Permit Not Issued
RPT-00266,2025-01-27,Duliajan Field,UA,vehicle movement in loading bay,Field audit at Duliajan Field identified vehicle movement in loading bay where toolbox talk / risk assessment not conducted. No injury occurred but potential for vehicle collision was high.,0,0,0.118,Driving Safety,['Driving Safety'],Driving / Vehicle Movement,Risk Assessment Skipped
RPT-00267,2025-07-14,Jorajan Pipeline ROW,UC,confined space entry into storage tank,Field audit at Jorajan Pipeline ROW identified confined space entry into storage tank where equipment inspection overdue / defective tool used. No injury occurred but potential for asphyxiation or toxic gas exposure was high.,0,1,0.641,Confined Space,['Confined Space'],Confined Space Entry,Defective Equipment
RPT-00268,2025-08-14,Moran GGS,Incident,working at height on scaffolding,"During working at height on scaffolding at Moran GGS, it was observed that no lifting plan / unqualified rigger used. This created a direct exposure to fall from height.",1,1,0.901,Working at Height,"['Working at Height', 'Safe Mechanical Lifting']",Working at Height,Permit Not Issued
RPT-00269,2025-11-10,Naharkatiya Tank Farm,Near-Miss,confined space entry into storage tank,"Observation (Near-Miss) at Naharkatiya Tank Farm - confined space entry into storage tank in progress, however communication breakdown between crew and control room, increasing risk of asphyxiation or toxic gas exposure.",0,0,0.329,Confined Space,['Confined Space'],Confined Space Entry,Communication Failure
RPT-00270,2025-12-06,Duliajan Field,UC,housekeeping / material storage,Field audit at Duliajan Field identified housekeeping / material storage where gas test not performed before entry. No injury occurred but potential for loss of critical safety function was high.,0,0,0.284,Confined Space,['Confined Space'],Inspection / Housekeeping,Gas Test Skipped
RPT-00271,2025-06-25,Duliajan Workshop,Incident,line of fire during pipe fitting removal,"Observation (Incident) at Duliajan Workshop - line of fire during pipe fitting removal in progress, however supervision inadequate for high-risk task, increasing risk of being struck by moving/falling/suspended object.",0,0,0.192,Line of Fire,['Line of Fire'],Line of Fire Exposure,Inadequate Supervision
RPT-00272,2025-05-23,Kumchai Compressor Station,UC,routine equipment inspection round,UC raised at Kumchai Compressor Station: worker engaged in routine equipment inspection round without following procedure - barricade/warning signage missing at work area.,0,0,0.115,Unclassified,[],Inspection / Housekeeping,Barricade/Signage Missing
RPT-00273,2025-09-08,Barekuri Well Pad,Near-Miss,manual lifting with mobile crane,Near-Miss raised at Barekuri Well Pad: worker engaged in manual lifting with mobile crane without following procedure - barricade/warning signage missing at work area.,0,0,0.302,Safe Mechanical Lifting,['Safe Mechanical Lifting'],Mechanical Lifting,Barricade/Signage Missing
RPT-00274,2025-10-21,Jorajan Pipeline ROW,Incident,energy isolation / LOTO on pump,"While conducting energy isolation / LOTO on pump, a incident occurred at Jorajan Pipeline ROW because equipment inspection overdue / defective tool used.",0,1,0.516,Energy Isolation,['Energy Isolation'],Energy Isolation / LOTO,Defective Equipment
RPT-00275,2025-05-28,Duliajan Workshop,Near-Miss,line of fire during pipe fitting removal,Near-Miss raised at Duliajan Workshop: worker engaged in line of fire during pipe fitting removal without following procedure - communication breakdown between crew and control room.,0,0,0.358,Line of Fire,['Line of Fire'],Line of Fire Exposure,Communication Failure
RPT-00276,2025-10-03,Digboi Refinery,Near-Miss,energy isolation / LOTO on pump,"Observation (Near-Miss) at Digboi Refinery - energy isolation / LOTO on pump in progress, however toolbox talk / risk assessment not conducted, increasing risk of unexpected equipment start-up / stored energy release.",1,0,0.484,Energy Isolation,['Energy Isolation'],Energy Isolation / LOTO,Risk Assessment Skipped
RPT-00277,2025-05-03,Duliajan Workshop,UA,housekeeping / material storage,Field audit at Duliajan Workshop identified housekeeping / material storage where barricade/warning signage missing at work area. No injury occurred but potential for loss of critical safety function was high.,0,0,0.078,Unclassified,[],Inspection / Housekeeping,Barricade/Signage Missing
RPT-00278,2025-07-31,Duliajan Field,UA,routine equipment inspection round,UA raised at Duliajan Field: worker engaged in routine equipment inspection round without following procedure - equipment inspection overdue / defective tool used.,0,0,0.214,Unclassified,[],Inspection / Housekeeping,Defective Equipment
RPT-00279,2025-03-22,Jorajan Pipeline ROW,UA,hot work / welding near flammable storage,Field audit at Jorajan Pipeline ROW identified hot work / welding near flammable storage where gas test not performed before entry. No injury occurred but potential for fire or explosion in presence of flammable atmosphere was high.,0,1,0.658,Hot Work,"['Hot Work', 'Confined Space']",Hot Work,Gas Test Skipped
RPT-00280,2025-11-27,Jorajan Pipeline ROW,Near-Miss,electrical panel maintenance,"While conducting electrical panel maintenance, a near-miss occurred at Jorajan Pipeline ROW because isolation point not verified with lock and tag.",1,1,0.746,Energy Isolation,['Energy Isolation'],Electrical Maintenance,Isolation Not Verified
RPT-00281,2025-03-31,Digboi Refinery,UA,routine equipment inspection round,"During routine equipment inspection round at Digboi Refinery, it was observed that no lifting plan / unqualified rigger used. This created a direct exposure to uncontrolled/unauthorized simultaneous operations.",0,0,0.399,Safe Mechanical Lifting,"['Safe Mechanical Lifting', 'Work Authorization']",Inspection / Housekeeping,Permit Not Issued
RPT-00282,2025-05-29,Numaligarh Terminal,Near-Miss,working at height on scaffolding,Near-Miss raised at Numaligarh Terminal: worker engaged in working at height on scaffolding without following procedure - communication breakdown between crew and control room.,0,0,0.462,Working at Height,['Working at Height'],Working at Height,Communication Failure
RPT-00283,2025-11-25,Duliajan Field,UC,driving light vehicle on site road,"While conducting driving light vehicle on site road, a uc occurred at Duliajan Field because no lifting plan / unqualified rigger used.",0,0,0.251,Driving Safety,"['Driving Safety', 'Safe Mechanical Lifting']",Driving / Vehicle Movement,Permit Not Issued
RPT-00284,2025-02-27,Duliajan Workshop,Incident,electrical panel maintenance,"Observation (Incident) at Duliajan Workshop - electrical panel maintenance in progress, however gas test not performed before entry, increasing risk of unexpected equipment start-up / stored energy release.",1,1,0.614,Energy Isolation,"['Energy Isolation', 'Confined Space']",Electrical Maintenance,Gas Test Skipped
RPT-00285,2025-06-22,Numaligarh Terminal,UC,housekeeping / material storage,UC raised at Numaligarh Terminal: worker engaged in housekeeping / material storage without following procedure - toolbox talk / risk assessment not conducted.,1,0,0.159,Unclassified,[],Inspection / Housekeeping,Risk Assessment Skipped
RPT-00286,2025-09-21,Lakwa Gas Plant,UA,routine equipment inspection round,"Observation (UA) at Lakwa Gas Plant - routine equipment inspection round in progress, however isolation point not verified with lock and tag, increasing risk of uncontrolled/unauthorized simultaneous operations.",0,0,0.291,Energy Isolation,"['Energy Isolation', 'Work Authorization']",Inspection / Housekeeping,Isolation Not Verified
RPT-00287,2025-05-08,Digboi Refinery,UA,line of fire during pipe fitting removal,UA raised at Digboi Refinery: worker engaged in line of fire during pipe fitting removal without following procedure - PPE (harness/gloves/goggles) not worn correctly.,1,1,0.768,Line of Fire,"['Line of Fire', 'Working at Height']",Line of Fire Exposure,PPE Non-Compliance
RPT-00288,2025-06-04,Barekuri Well Pad,UC,line of fire during pipe fitting removal,"While conducting line of fire during pipe fitting removal, a uc occurred at Barekuri Well Pad because isolation point not verified with lock and tag.",0,1,0.675,Energy Isolation,"['Energy Isolation', 'Line of Fire']",Line of Fire Exposure,Isolation Not Verified
RPT-00289,2025-03-02,Lakwa Gas Plant,Near-Miss,working at height on scaffolding,Near-Miss raised at Lakwa Gas Plant: worker engaged in working at height on scaffolding without following procedure - barricade/warning signage missing at work area.,1,0,0.495,Working at Height,['Working at Height'],Working at Height,Barricade/Signage Missing
RPT-00290,2025-11-24,Barekuri Well Pad,Near-Miss,confined space entry into storage tank,"While conducting confined space entry into storage tank, a near-miss occurred at Barekuri Well Pad because communication breakdown between crew and control room.",0,0,0.266,Confined Space,['Confined Space'],Confined Space Entry,Communication Failure
RPT-00291,2025-08-21,Kumchai Compressor Station,UA,vehicle movement in loading bay,UA raised at Kumchai Compressor Station: worker engaged in vehicle movement in loading bay without following procedure - isolation point not verified with lock and tag.,0,0,0.319,Energy Isolation,"['Energy Isolation', 'Driving Safety']",Driving / Vehicle Movement,Isolation Not Verified
RPT-00292,2025-12-07,Lakwa Gas Plant,Near-Miss,energy isolation / LOTO on pump,"Observation (Near-Miss) at Lakwa Gas Plant - energy isolation / LOTO on pump in progress, however communication breakdown between crew and control room, increasing risk of unexpected equipment start-up / stored energy release.",0,0,0.443,Energy Isolation,['Energy Isolation'],Energy Isolation / LOTO,Communication Failure
RPT-00293,2025-09-28,Moran GGS,Incident,routine equipment inspection round,"During routine equipment inspection round at Moran GGS, it was observed that no lifting plan / unqualified rigger used. This created a direct exposure to uncontrolled/unauthorized simultaneous operations.",0,0,0.398,Safe Mechanical Lifting,"['Safe Mechanical Lifting', 'Work Authorization']",Inspection / Housekeeping,Permit Not Issued
RPT-00294,2025-04-14,Kumchai Compressor Station,UA,hot work / welding near flammable storage,Field audit at Kumchai Compressor Station identified hot work / welding near flammable storage where no lifting plan / unqualified rigger used. No injury occurred but potential for fire or explosion in presence of flammable atmosphere was high.,0,1,0.676,Hot Work,"['Hot Work', 'Safe Mechanical Lifting']",Hot Work,Permit Not Issued
RPT-00295,2025-12-15,Duliajan Workshop,UA,confined space entry into storage tank,Field audit at Duliajan Workshop identified confined space entry into storage tank where gas test not performed before entry. No injury occurred but potential for asphyxiation or toxic gas exposure was high.,1,1,0.731,Confined Space,['Confined Space'],Confined Space Entry,Gas Test Skipped
RPT-00296,2025-08-21,Lakwa Gas Plant,Incident,electrical panel maintenance,"Observation (Incident) at Lakwa Gas Plant - electrical panel maintenance in progress, however PPE (harness/gloves/goggles) not worn correctly, increasing risk of unexpected equipment start-up / stored energy release.",0,1,0.788,Energy Isolation,"['Energy Isolation', 'Working at Height']",Electrical Maintenance,PPE Non-Compliance
RPT-00297,2025-06-07,Duliajan Workshop,UC,line of fire during pipe fitting removal,Field audit at Duliajan Workshop identified line of fire during pipe fitting removal where toolbox talk / risk assessment not conducted. No injury occurred but potential for being struck by moving/falling/suspended object was high.,0,0,0.347,Line of Fire,['Line of Fire'],Line of Fire Exposure,Risk Assessment Skipped
RPT-00298,2025-01-24,Duliajan Field,Near-Miss,line of fire during pipe fitting removal,Near-Miss raised at Duliajan Field: worker engaged in line of fire during pipe fitting removal without following procedure - barricade/warning signage missing at work area.,0,0,0.443,Line of Fire,['Line of Fire'],Line of Fire Exposure,Barricade/Signage Missing
RPT-00299,2025-02-05,Kumchai Compressor Station,UC,housekeeping / material storage,"During housekeeping / material storage at Kumchai Compressor Station, it was observed that PPE (harness/gloves/goggles) not worn correctly. This created a direct exposure to loss of critical safety function.",0,0,0.367,Working at Height,['Working at Height'],Inspection / Housekeeping,PPE Non-Compliance
RPT-00300,2025-11-27,Duliajan Field,UA,driving light vehicle on site road,UA raised at Duliajan Field: worker engaged in driving light vehicle on site road without following procedure - communication breakdown between crew and control room.,0,0,0.081,Driving Safety,['Driving Safety'],Driving / Vehicle Movement,Communication Failure
RPT-00301,2025-12-16,Kumchai Compressor Station,Incident,line of fire during pipe fitting removal,"Observation (Incident) at Kumchai Compressor Station - line of fire during pipe fitting removal in progress, however toolbox talk / risk assessment not conducted, increasing risk of being struck by moving/falling/suspended object.",0,0,0.262,Line of Fire,['Line of Fire'],Line of Fire Exposure,Risk Assessment Skipped
RPT-00302,2025-03-07,Duliajan Workshop,UA,confined space entry into storage tank,Field audit at Duliajan Workshop identified confined space entry into storage tank where supervision inadequate for high-risk task. No injury occurred but potential for asphyxiation or toxic gas exposure was high.,0,0,0.43,Confined Space,['Confined Space'],Confined Space Entry,Inadequate Supervision
RPT-00303,2025-10-06,Moran GGS,Incident,working at height on scaffolding,"Observation (Incident) at Moran GGS - working at height on scaffolding in progress, however permit to work not issued before starting job, increasing risk of fall from height.",1,1,0.73,Working at Height,"['Working at Height', 'Work Authorization']",Working at Height,Permit Not Issued
RPT-00304,2025-04-07,Duliajan Workshop,UA,line of fire during pipe fitting removal,"While conducting line of fire during pipe fitting removal, a ua occurred at Duliajan Workshop because isolation point not verified with lock and tag.",1,1,0.606,Energy Isolation,"['Energy Isolation', 'Line of Fire']",Line of Fire Exposure,Isolation Not Verified
RPT-00305,2025-02-04,Digboi Refinery,UC,working at height on scaffolding,"During working at height on scaffolding at Digboi Refinery, it was observed that communication breakdown between crew and control room. This created a direct exposure to fall from height.",1,1,0.545,Working at Height,['Working at Height'],Working at Height,Communication Failure
RPT-00306,2025-01-23,Lakwa Gas Plant,UC,working at height on scaffolding,"During working at height on scaffolding at Lakwa Gas Plant, it was observed that toolbox talk / risk assessment not conducted. This created a direct exposure to fall from height.",1,1,0.645,Working at Height,['Working at Height'],Working at Height,Risk Assessment Skipped
RPT-00307,2025-05-29,Jorajan Pipeline ROW,UA,manual lifting with mobile crane,"During manual lifting with mobile crane at Jorajan Pipeline ROW, it was observed that equipment inspection overdue / defective tool used. This created a direct exposure to dropped load / crane failure.",1,1,0.665,Safe Mechanical Lifting,['Safe Mechanical Lifting'],Mechanical Lifting,PPE Non-Compliance
RPT-00308,2025-03-15,Lakwa Gas Plant,UC,energy isolation / LOTO on pump,"While conducting energy isolation / LOTO on pump, a uc occurred at Lakwa Gas Plant because no lifting plan / unqualified rigger used.",1,1,0.856,Energy Isolation,"['Energy Isolation', 'Safe Mechanical Lifting']",Energy Isolation / LOTO,Permit Not Issued
RPT-00309,2025-10-30,Duliajan Workshop,UA,manual lifting with mobile crane,"During manual lifting with mobile crane at Duliajan Workshop, it was observed that communication breakdown between crew and control room. This created a direct exposure to dropped load / crane failure.",0,0,0.378,Safe Mechanical Lifting,['Safe Mechanical Lifting'],Mechanical Lifting,PPE Non-Compliance
RPT-00310,2025-11-26,Numaligarh Terminal,UC,routine equipment inspection round,"During routine equipment inspection round at Numaligarh Terminal, it was observed that communication breakdown between crew and control room. This created a direct exposure to uncontrolled/unauthorized simultaneous operations.",0,0,0.094,Work Authorization,['Work Authorization'],Inspection / Housekeeping,Communication Failure
RPT-00311,2025-07-12,Naharkatiya Tank Farm,Near-Miss,excavation near buried pipeline,"Observation (Near-Miss) at Naharkatiya Tank Farm - excavation near buried pipeline in progress, however supervision inadequate for high-risk task, increasing risk of being struck by moving/falling/suspended object.",0,0,0.121,Line of Fire,['Line of Fire'],Excavation,Inadequate Supervision
RPT-00312,2025-03-15,Duliajan Workshop,Near-Miss,electrical panel maintenance,"While conducting electrical panel maintenance, a near-miss occurred at Duliajan Workshop because isolation point not verified with lock and tag.",0,1,0.611,Energy Isolation,['Energy Isolation'],Electrical Maintenance,Isolation Not Verified
RPT-00313,2025-07-18,Duliajan Field,Incident,excavation near buried pipeline,Field audit at Duliajan Field identified excavation near buried pipeline where communication breakdown between crew and control room. No injury occurred but potential for being struck by moving/falling/suspended object was high.,0,0,0.107,Line of Fire,['Line of Fire'],Excavation,Communication Failure
RPT-00314,2025-02-17,Barekuri Well Pad,UC,manual lifting with mobile crane,"Observation (UC) at Barekuri Well Pad - manual lifting with mobile crane in progress, however supervision inadequate for high-risk task, increasing risk of dropped load / crane failure.",0,0,0.429,Safe Mechanical Lifting,['Safe Mechanical Lifting'],Mechanical Lifting,PPE Non-Compliance
RPT-00315,2025-02-07,Moran GGS,UC,working at height on scaffolding,Field audit at Moran GGS identified working at height on scaffolding where barricade/warning signage missing at work area. No injury occurred but potential for fall from height was high.,0,1,0.506,Working at Height,['Working at Height'],Working at Height,Barricade/Signage Missing
RPT-00316,2025-06-20,Lakwa Gas Plant,UA,housekeeping / material storage,UA raised at Lakwa Gas Plant: worker engaged in housekeeping / material storage without following procedure - equipment inspection overdue / defective tool used.,0,0,0.247,Unclassified,[],Inspection / Housekeeping,Defective Equipment
RPT-00317,2025-09-03,Duliajan Field,Incident,manual lifting with mobile crane,"During manual lifting with mobile crane at Duliajan Field, it was observed that isolation point not verified with lock and tag. This created a direct exposure to dropped load / crane failure.",1,1,0.748,Safe Mechanical Lifting,"['Safe Mechanical Lifting', 'Energy Isolation']",Mechanical Lifting,PPE Non-Compliance
RPT-00318,2025-05-25,Lakwa Gas Plant,UC,housekeeping / material storage,UC raised at Lakwa Gas Plant: worker engaged in housekeeping / material storage without following procedure - isolation point not verified with lock and tag.,0,0,0.465,Energy Isolation,['Energy Isolation'],Inspection / Housekeeping,Isolation Not Verified
RPT-00319,2025-09-12,Jorajan Pipeline ROW,UA,excavation near buried pipeline,"While conducting excavation near buried pipeline, a ua occurred at Jorajan Pipeline ROW because supervision inadequate for high-risk task.",0,0,0.133,Unclassified,[],Excavation,Inadequate Supervision
RPT-00320,2025-07-09,Digboi Refinery,Near-Miss,housekeeping / material storage,"While conducting housekeeping / material storage, a near-miss occurred at Digboi Refinery because toolbox talk / risk assessment not conducted.",0,0,0.116,Unclassified,[],Inspection / Housekeeping,Risk Assessment Skipped
RPT-00321,2025-10-11,Naharkatiya Tank Farm,Incident,working at height on scaffolding,Incident raised at Naharkatiya Tank Farm: worker engaged in working at height on scaffolding without following procedure - no lifting plan / unqualified rigger used.,1,1,0.833,Working at Height,"['Working at Height', 'Safe Mechanical Lifting']",Working at Height,Permit Not Issued
RPT-00322,2025-07-14,Lakwa Gas Plant,UA,housekeeping / material storage,UA raised at Lakwa Gas Plant: worker engaged in housekeeping / material storage without following procedure - communication breakdown between crew and control room.,0,0,0.129,Unclassified,[],Inspection / Housekeeping,Communication Failure
RPT-00323,2025-09-08,Moran GGS,Near-Miss,electrical panel maintenance,"While conducting electrical panel maintenance, a near-miss occurred at Moran GGS because equipment inspection overdue / defective tool used.",0,0,0.478,Unclassified,[],Electrical Maintenance,Defective Equipment
RPT-00324,2025-10-07,Jorajan Pipeline ROW,Near-Miss,electrical panel maintenance,"While conducting electrical panel maintenance, a near-miss occurred at Jorajan Pipeline ROW because gas test not performed before entry.",1,1,0.757,Confined Space,['Confined Space'],Electrical Maintenance,Gas Test Skipped
RPT-00325,2025-12-09,Numaligarh Terminal,UC,excavation near buried pipeline,"During excavation near buried pipeline at Numaligarh Terminal, it was observed that permit to work not issued before starting job. This created a direct exposure to being struck by moving/falling/suspended object.",0,0,0.361,Line of Fire,"['Line of Fire', 'Work Authorization']",Excavation,Permit Not Issued
RPT-00326,2025-03-19,Duliajan Field,Near-Miss,line of fire during pipe fitting removal,Near-Miss raised at Duliajan Field: worker engaged in line of fire during pipe fitting removal without following procedure - gas test not performed before entry.,1,1,0.78,Confined Space,"['Confined Space', 'Line of Fire']",Line of Fire Exposure,Gas Test Skipped
RPT-00327,2025-11-12,Moran GGS,UC,excavation near buried pipeline,Field audit at Moran GGS identified excavation near buried pipeline where toolbox talk / risk assessment not conducted. No injury occurred but potential for being struck by moving/falling/suspended object was high.,0,0,0.171,Line of Fire,['Line of Fire'],Excavation,Risk Assessment Skipped
RPT-00328,2025-09-29,Jorajan Pipeline ROW,UC,working at height on scaffolding,"Observation (UC) at Jorajan Pipeline ROW - working at height on scaffolding in progress, however permit to work not issued before starting job, increasing risk of fall from height.",1,1,0.788,Working at Height,"['Working at Height', 'Work Authorization']",Working at Height,Permit Not Issued
RPT-00329,2025-04-02,Barekuri Well Pad,UA,excavation near buried pipeline,"Observation (UA) at Barekuri Well Pad - excavation near buried pipeline in progress, however barricade/warning signage missing at work area, increasing risk of being struck by moving/falling/suspended object.",0,0,0.1,Line of Fire,['Line of Fire'],Excavation,Barricade/Signage Missing
RPT-00330,2025-07-01,Digboi Refinery,UA,excavation near buried pipeline,Field audit at Digboi Refinery identified excavation near buried pipeline where gas test not performed before entry. No injury occurred but potential for being struck by moving/falling/suspended object was high.,0,0,0.348,Confined Space,"['Confined Space', 'Line of Fire']",Excavation,Gas Test Skipped
RPT-00331,2025-12-23,Naharkatiya Tank Farm,Incident,hot work / welding near flammable storage,"Observation (Incident) at Naharkatiya Tank Farm - hot work / welding near flammable storage in progress, however supervision inadequate for high-risk task, increasing risk of fire or explosion in presence of flammable atmosphere.",0,0,0.354,Hot Work,['Hot Work'],Hot Work,Inadequate Supervision
RPT-00332,2025-07-14,Barekuri Well Pad,Near-Miss,routine equipment inspection round,"During routine equipment inspection round at Barekuri Well Pad, it was observed that PPE (harness/gloves/goggles) not worn correctly. This created a direct exposure to uncontrolled/unauthorized simultaneous operations.",0,0,0.292,Working at Height,"['Working at Height', 'Work Authorization']",Inspection / Housekeeping,PPE Non-Compliance
RPT-00333,2025-08-11,Duliajan Workshop,UC,electrical panel maintenance,UC raised at Duliajan Workshop: worker engaged in electrical panel maintenance without following procedure - permit to work not issued before starting job.,1,1,0.726,Work Authorization,['Work Authorization'],Electrical Maintenance,Permit Not Issued
RPT-00334,2025-12-21,Kumchai Compressor Station,Incident,vehicle movement in loading bay,"During vehicle movement in loading bay at Kumchai Compressor Station, it was observed that PPE (harness/gloves/goggles) not worn correctly. This created a direct exposure to vehicle collision.",0,0,0.395,Working at Height,"['Working at Height', 'Driving Safety']",Driving / Vehicle Movement,PPE Non-Compliance
RPT-00335,2025-10-16,Jorajan Pipeline ROW,Incident,driving light vehicle on site road,"While conducting driving light vehicle on site road, a incident occurred at Jorajan Pipeline ROW because permit to work not issued before starting job.",0,0,0.24,Driving Safety,"['Driving Safety', 'Work Authorization']",Driving / Vehicle Movement,Permit Not Issued
RPT-00336,2025-12-31,Duliajan Field,UA,confined space entry into storage tank,UA raised at Duliajan Field: worker engaged in confined space entry into storage tank without following procedure - supervision inadequate for high-risk task.,0,0,0.329,Confined Space,['Confined Space'],Confined Space Entry,Inadequate Supervision
RPT-00337,2025-07-19,Digboi Refinery,UC,driving light vehicle on site road,Field audit at Digboi Refinery identified driving light vehicle on site road where gas test not performed before entry. No injury occurred but potential for vehicle collision was high.,0,0,0.19,Driving Safety,"['Driving Safety', 'Confined Space']",Driving / Vehicle Movement,Gas Test Skipped
RPT-00338,2025-12-19,Duliajan Workshop,Near-Miss,energy isolation / LOTO on pump,Near-Miss raised at Duliajan Workshop: worker engaged in energy isolation / LOTO on pump without following procedure - communication breakdown between crew and control room.,0,0,0.328,Energy Isolation,['Energy Isolation'],Energy Isolation / LOTO,Communication Failure
RPT-00339,2025-02-08,Digboi Refinery,UA,excavation near buried pipeline,"Observation (UA) at Digboi Refinery - excavation near buried pipeline in progress, however supervision inadequate for high-risk task, increasing risk of being struck by moving/falling/suspended object.",0,0,0.104,Line of Fire,['Line of Fire'],Excavation,Inadequate Supervision
RPT-00340,2025-05-20,Lakwa Gas Plant,UC,vehicle movement in loading bay,"While conducting vehicle movement in loading bay, a uc occurred at Lakwa Gas Plant because no lifting plan / unqualified rigger used.",1,1,0.602,Safe Mechanical Lifting,"['Safe Mechanical Lifting', 'Driving Safety']",Driving / Vehicle Movement,Permit Not Issued
RPT-00341,2025-12-15,Jorajan Pipeline ROW,UC,manual lifting with mobile crane,"Observation (UC) at Jorajan Pipeline ROW - manual lifting with mobile crane in progress, however supervision inadequate for high-risk task, increasing risk of dropped load / crane failure.",0,0,0.465,Safe Mechanical Lifting,['Safe Mechanical Lifting'],Mechanical Lifting,PPE Non-Compliance
RPT-00342,2025-02-12,Naharkatiya Tank Farm,UA,hot work / welding near flammable storage,UA raised at Naharkatiya Tank Farm: worker engaged in hot work / welding near flammable storage without following procedure - no lifting plan / unqualified rigger used.,1,1,0.799,Hot Work,"['Hot Work', 'Safe Mechanical Lifting']",Hot Work,Permit Not Issued
RPT-00343,2025-02-16,Numaligarh Terminal,Near-Miss,line of fire during pipe fitting removal,"While conducting line of fire during pipe fitting removal, a near-miss occurred at Numaligarh Terminal because gas test not performed before entry.",1,1,0.816,Confined Space,"['Confined Space', 'Line of Fire']",Line of Fire Exposure,Gas Test Skipped
RPT-00344,2025-04-06,Barekuri Well Pad,Near-Miss,electrical panel maintenance,"During electrical panel maintenance at Barekuri Well Pad, it was observed that supervision inadequate for high-risk task. This created a direct exposure to unexpected equipment start-up / stored energy release.",1,1,0.553,Energy Isolation,['Energy Isolation'],Electrical Maintenance,Inadequate Supervision
RPT-00345,2025-07-01,Jorajan Pipeline ROW,UC,excavation near buried pipeline,"During excavation near buried pipeline at Jorajan Pipeline ROW, it was observed that equipment inspection overdue / defective tool used. This created a direct exposure to being struck by moving/falling/suspended object.",1,0,0.336,Line of Fire,['Line of Fire'],Excavation,Defective Equipment
RPT-00346,2025-07-31,Digboi Refinery,Near-Miss,vehicle movement in loading bay,"Observation (Near-Miss) at Digboi Refinery - vehicle movement in loading bay in progress, however no lifting plan / unqualified rigger used, increasing risk of vehicle collision.",1,0,0.351,Safe Mechanical Lifting,"['Safe Mechanical Lifting', 'Driving Safety']",Driving / Vehicle Movement,Permit Not Issued
RPT-00347,2025-03-28,Digboi Refinery,Incident,housekeeping / material storage,Incident raised at Digboi Refinery: worker engaged in housekeeping / material storage without following procedure - equipment inspection overdue / defective tool used.,0,0,0.195,Unclassified,[],Inspection / Housekeeping,Defective Equipment
RPT-00348,2025-02-02,Naharkatiya Tank Farm,UA,confined space entry into storage tank,"While conducting confined space entry into storage tank, a ua occurred at Naharkatiya Tank Farm because gas test not performed before entry.",1,1,0.685,Confined Space,['Confined Space'],Confined Space Entry,Gas Test Skipped
RPT-00349,2025-05-07,Naharkatiya Tank Farm,UA,driving light vehicle on site road,"During driving light vehicle on site road at Naharkatiya Tank Farm, it was observed that communication breakdown between crew and control room. This created a direct exposure to vehicle collision.",0,0,0.076,Driving Safety,['Driving Safety'],Driving / Vehicle Movement,Communication Failure
RPT-00350,2025-01-04,Jorajan Pipeline ROW,UA,vehicle movement in loading bay,"During vehicle movement in loading bay at Jorajan Pipeline ROW, it was observed that no lifting plan / unqualified rigger used. This created a direct exposure to vehicle collision.",0,0,0.473,Safe Mechanical Lifting,"['Safe Mechanical Lifting', 'Driving Safety']",Driving / Vehicle Movement,Permit Not Issued
RPT-00351,2025-08-09,Kumchai Compressor Station,Near-Miss,vehicle movement in loading bay,"While conducting vehicle movement in loading bay, a near-miss occurred at Kumchai Compressor Station because communication breakdown between crew and control room.",0,0,0.146,Driving Safety,['Driving Safety'],Driving / Vehicle Movement,Communication Failure
RPT-00352,2025-04-01,Lakwa Gas Plant,UA,confined space entry into storage tank,UA raised at Lakwa Gas Plant: worker engaged in confined space entry into storage tank without following procedure - barricade/warning signage missing at work area.,0,0,0.339,Confined Space,['Confined Space'],Confined Space Entry,Barricade/Signage Missing
RPT-00353,2025-05-24,Kumchai Compressor Station,Incident,driving light vehicle on site road,Incident raised at Kumchai Compressor Station: worker engaged in driving light vehicle on site road without following procedure - toolbox talk / risk assessment not conducted.,0,0,0.086,Driving Safety,['Driving Safety'],Driving / Vehicle Movement,Risk Assessment Skipped
RPT-00354,2025-10-09,Kumchai Compressor Station,UA,hot work / welding near flammable storage,Field audit at Kumchai Compressor Station identified hot work / welding near flammable storage where no lifting plan / unqualified rigger used. No injury occurred but potential for fire or explosion in presence of flammable atmosphere was high.,1,1,0.676,Hot Work,"['Hot Work', 'Safe Mechanical Lifting']",Hot Work,Permit Not Issued
RPT-00355,2025-02-05,Jorajan Pipeline ROW,UC,housekeeping / material storage,"While conducting housekeeping / material storage, a uc occurred at Jorajan Pipeline ROW because isolation point not verified with lock and tag.",0,0,0.426,Energy Isolation,['Energy Isolation'],Inspection / Housekeeping,Isolation Not Verified
RPT-00356,2025-07-13,Jorajan Pipeline ROW,UA,confined space entry into storage tank,UA raised at Jorajan Pipeline ROW: worker engaged in confined space entry into storage tank without following procedure - barricade/warning signage missing at work area.,0,0,0.326,Confined Space,['Confined Space'],Confined Space Entry,Barricade/Signage Missing
RPT-00357,2025-12-21,Jorajan Pipeline ROW,UC,vehicle movement in loading bay,Field audit at Jorajan Pipeline ROW identified vehicle movement in loading bay where toolbox talk / risk assessment not conducted. No injury occurred but potential for vehicle collision was high.,0,0,0.143,Driving Safety,['Driving Safety'],Driving / Vehicle Movement,Risk Assessment Skipped
RPT-00358,2025-02-13,Duliajan Workshop,Near-Miss,working at height on scaffolding,Field audit at Duliajan Workshop identified working at height on scaffolding where supervision inadequate for high-risk task. No injury occurred but potential for fall from height was high.,0,0,0.459,Working at Height,['Working at Height'],Working at Height,Inadequate Supervision
RPT-00359,2025-11-27,Moran GGS,UA,routine equipment inspection round,Field audit at Moran GGS identified routine equipment inspection round where supervision inadequate for high-risk task. No injury occurred but potential for uncontrolled/unauthorized simultaneous operations was high.,1,0,0.125,Work Authorization,['Work Authorization'],Inspection / Housekeeping,Inadequate Supervision
RPT-00360,2025-09-19,Naharkatiya Tank Farm,UA,energy isolation / LOTO on pump,"During energy isolation / LOTO on pump at Naharkatiya Tank Farm, it was observed that communication breakdown between crew and control room. This created a direct exposure to unexpected equipment start-up / stored energy release.",0,1,0.522,Energy Isolation,['Energy Isolation'],Energy Isolation / LOTO,Communication Failure
RPT-00361,2025-07-20,Duliajan Workshop,Near-Miss,excavation near buried pipeline,Near-Miss raised at Duliajan Workshop: worker engaged in excavation near buried pipeline without following procedure - no lifting plan / unqualified rigger used.,0,0,0.416,Safe Mechanical Lifting,['Safe Mechanical Lifting'],Excavation,Permit Not Issued
RPT-00362,2025-06-01,Lakwa Gas Plant,UA,housekeeping / material storage,"During housekeeping / material storage at Lakwa Gas Plant, it was observed that equipment inspection overdue / defective tool used. This created a direct exposure to loss of critical safety function.",0,0,0.287,Unclassified,[],Inspection / Housekeeping,Defective Equipment
RPT-00363,2025-04-16,Digboi Refinery,UA,hot work / welding near flammable storage,"While conducting hot work / welding near flammable storage, a ua occurred at Digboi Refinery because gas test not performed before entry.",1,1,0.666,Hot Work,"['Hot Work', 'Confined Space']",Hot Work,Gas Test Skipped
RPT-00364,2025-06-03,Jorajan Pipeline ROW,UA,energy isolation / LOTO on pump,"Observation (UA) at Jorajan Pipeline ROW - energy isolation / LOTO on pump in progress, however toolbox talk / risk assessment not conducted, increasing risk of unexpected equipment start-up / stored energy release.",0,0,0.477,Energy Isolation,['Energy Isolation'],Energy Isolation / LOTO,Risk Assessment Skipped
RPT-00365,2025-05-05,Digboi Refinery,UC,working at height on scaffolding,UC raised at Digboi Refinery: worker engaged in working at height on scaffolding without following procedure - supervision inadequate for high-risk task.,0,0,0.484,Working at Height,['Working at Height'],Working at Height,Inadequate Supervision
RPT-00366,2025-04-29,Numaligarh Terminal,UA,excavation near buried pipeline,"Observation (UA) at Numaligarh Terminal - excavation near buried pipeline in progress, however gas test not performed before entry, increasing risk of being struck by moving/falling/suspended object.",0,0,0.296,Confined Space,"['Confined Space', 'Line of Fire']",Excavation,Gas Test Skipped
RPT-00367,2025-08-19,Numaligarh Terminal,UC,confined space entry into storage tank,Field audit at Numaligarh Terminal identified confined space entry into storage tank where communication breakdown between crew and control room. No injury occurred but potential for asphyxiation or toxic gas exposure was high.,0,0,0.483,Confined Space,['Confined Space'],Confined Space Entry,Communication Failure
RPT-00368,2025-12-27,Naharkatiya Tank Farm,Near-Miss,line of fire during pipe fitting removal,Near-Miss raised at Naharkatiya Tank Farm: worker engaged in line of fire during pipe fitting removal without following procedure - permit to work not issued before starting job.,1,1,0.804,Line of Fire,"['Line of Fire', 'Work Authorization']",Line of Fire Exposure,Permit Not Issued
RPT-00369,2025-02-28,Lakwa Gas Plant,UA,hot work / welding near flammable storage,"While conducting hot work / welding near flammable storage, a ua occurred at Lakwa Gas Plant because equipment inspection overdue / defective tool used.",1,1,0.588,Hot Work,['Hot Work'],Hot Work,Defective Equipment
RPT-00370,2025-02-28,Jorajan Pipeline ROW,UC,excavation near buried pipeline,Field audit at Jorajan Pipeline ROW identified excavation near buried pipeline where supervision inadequate for high-risk task. No injury occurred but potential for being struck by moving/falling/suspended object was high.,0,0,0.161,Line of Fire,['Line of Fire'],Excavation,Inadequate Supervision
RPT-00371,2025-10-30,Kumchai Compressor Station,UA,electrical panel maintenance,"While conducting electrical panel maintenance, a ua occurred at Kumchai Compressor Station because no lifting plan / unqualified rigger used.",0,1,0.771,Safe Mechanical Lifting,['Safe Mechanical Lifting'],Electrical Maintenance,Permit Not Issued
RPT-00372,2025-12-22,Numaligarh Terminal,UA,energy isolation / LOTO on pump,"During energy isolation / LOTO on pump at Numaligarh Terminal, it was observed that PPE (harness/gloves/goggles) not worn correctly. This created a direct exposure to unexpected equipment start-up / stored energy release.",1,1,0.798,Energy Isolation,"['Energy Isolation', 'Working at Height']",Energy Isolation / LOTO,PPE Non-Compliance
RPT-00373,2025-04-06,Duliajan Workshop,UC,line of fire during pipe fitting removal,Field audit at Duliajan Workshop identified line of fire during pipe fitting removal where communication breakdown between crew and control room. No injury occurred but potential for being struck by moving/falling/suspended object was high.,0,0,0.268,Line of Fire,['Line of Fire'],Line of Fire Exposure,Communication Failure
RPT-00374,2025-04-06,Duliajan Workshop,UC,housekeeping / material storage,"Observation (UC) at Duliajan Workshop - housekeeping / material storage in progress, however gas test not performed before entry, increasing risk of loss of critical safety function.",0,0,0.247,Confined Space,['Confined Space'],Inspection / Housekeeping,Gas Test Skipped
RPT-00375,2025-04-10,Jorajan Pipeline ROW,Incident,vehicle movement in loading bay,"During vehicle movement in loading bay at Jorajan Pipeline ROW, it was observed that permit to work not issued before starting job. This created a direct exposure to vehicle collision.",0,0,0.275,Driving Safety,"['Driving Safety', 'Work Authorization']",Driving / Vehicle Movement,Permit Not Issued
RPT-00376,2025-08-16,Duliajan Workshop,UC,excavation near buried pipeline,"Observation (UC) at Duliajan Workshop - excavation near buried pipeline in progress, however toolbox talk / risk assessment not conducted, increasing risk of being struck by moving/falling/suspended object.",0,0,0.105,Line of Fire,['Line of Fire'],Excavation,Risk Assessment Skipped
RPT-00377,2025-05-21,Numaligarh Terminal,UA,hot work / welding near flammable storage,UA raised at Numaligarh Terminal: worker engaged in hot work / welding near flammable storage without following procedure - no lifting plan / unqualified rigger used.,1,1,0.798,Hot Work,"['Hot Work', 'Safe Mechanical Lifting']",Hot Work,Permit Not Issued
RPT-00378,2025-09-11,Duliajan Workshop,Near-Miss,driving light vehicle on site road,Field audit at Duliajan Workshop identified driving light vehicle on site road where gas test not performed before entry. No injury occurred but potential for vehicle collision was high.,0,0,0.148,Driving Safety,"['Driving Safety', 'Confined Space']",Driving / Vehicle Movement,Gas Test Skipped
RPT-00379,2025-07-07,Duliajan Workshop,UA,hot work / welding near flammable storage,Field audit at Duliajan Workshop identified hot work / welding near flammable storage where no lifting plan / unqualified rigger used. No injury occurred but potential for fire or explosion in presence of flammable atmosphere was high.,0,1,0.619,Hot Work,"['Hot Work', 'Safe Mechanical Lifting']",Hot Work,Permit Not Issued
RPT-00380,2025-12-01,Duliajan Field,UC,housekeeping / material storage,"Observation (UC) at Duliajan Field - housekeeping / material storage in progress, however toolbox talk / risk assessment not conducted, increasing risk of loss of critical safety function.",0,0,0.122,Unclassified,[],Inspection / Housekeeping,Risk Assessment Skipped
RPT-00381,2025-03-02,Barekuri Well Pad,UA,working at height on scaffolding,"During working at height on scaffolding at Barekuri Well Pad, it was observed that toolbox talk / risk assessment not conducted. This created a direct exposure to fall from height.",0,1,0.56,Working at Height,['Working at Height'],Working at Height,Risk Assessment Skipped
RPT-00382,2025-03-26,Moran GGS,Near-Miss,housekeeping / material storage,Field audit at Moran GGS identified housekeeping / material storage where no lifting plan / unqualified rigger used. No injury occurred but potential for loss of critical safety function was high.,0,0,0.381,Safe Mechanical Lifting,['Safe Mechanical Lifting'],Inspection / Housekeeping,Permit Not Issued
RPT-00383,2025-05-24,Numaligarh Terminal,Near-Miss,manual lifting with mobile crane,Field audit at Numaligarh Terminal identified manual lifting with mobile crane where isolation point not verified with lock and tag. No injury occurred but potential for dropped load / crane failure was high.,1,1,0.749,Safe Mechanical Lifting,"['Safe Mechanical Lifting', 'Energy Isolation']",Mechanical Lifting,PPE Non-Compliance
RPT-00384,2025-05-17,Duliajan Workshop,Incident,confined space entry into storage tank,"While conducting confined space entry into storage tank, a incident occurred at Duliajan Workshop because supervision inadequate for high-risk task.",0,0,0.22,Confined Space,['Confined Space'],Confined Space Entry,Inadequate Supervision
RPT-00385,2025-03-06,Digboi Refinery,Incident,confined space entry into storage tank,"While conducting confined space entry into storage tank, a incident occurred at Digboi Refinery because communication breakdown between crew and control room.",0,0,0.255,Confined Space,['Confined Space'],Confined Space Entry,Communication Failure
RPT-00386,2025-12-13,Numaligarh Terminal,Near-Miss,manual lifting with mobile crane,Near-Miss raised at Numaligarh Terminal: worker engaged in manual lifting with mobile crane without following procedure - gas test not performed before entry.,0,1,0.672,Safe Mechanical Lifting,"['Safe Mechanical Lifting', 'Confined Space']",Mechanical Lifting,Gas Test Skipped
RPT-00387,2025-02-08,Jorajan Pipeline ROW,UC,confined space entry into storage tank,"Observation (UC) at Jorajan Pipeline ROW - confined space entry into storage tank in progress, however no lifting plan / unqualified rigger used, increasing risk of asphyxiation or toxic gas exposure.",1,1,0.75,Safe Mechanical Lifting,"['Safe Mechanical Lifting', 'Confined Space']",Confined Space Entry,Permit Not Issued
RPT-00388,2025-09-07,Digboi Refinery,Near-Miss,line of fire during pipe fitting removal,"While conducting line of fire during pipe fitting removal, a near-miss occurred at Digboi Refinery because equipment inspection overdue / defective tool used.",0,1,0.53,Line of Fire,['Line of Fire'],Line of Fire Exposure,Defective Equipment
RPT-00389,2025-12-24,Lakwa Gas Plant,Near-Miss,working at height on scaffolding,"Observation (Near-Miss) at Lakwa Gas Plant - working at height on scaffolding in progress, however PPE (harness/gloves/goggles) not worn correctly, increasing risk of fall from height.",1,1,0.845,Working at Height,['Working at Height'],Working at Height,PPE Non-Compliance
RPT-00390,2025-09-11,Digboi Refinery,UA,excavation near buried pipeline,"Observation (UA) at Digboi Refinery - excavation near buried pipeline in progress, however communication breakdown between crew and control room, increasing risk of being struck by moving/falling/suspended object.",0,0,0.091,Line of Fire,['Line of Fire'],Excavation,Communication Failure
RPT-00391,2025-09-06,Kumchai Compressor Station,UC,driving light vehicle on site road,UC raised at Kumchai Compressor Station: worker engaged in driving light vehicle on site road without following procedure - supervision inadequate for high-risk task.,0,0,0.104,Driving Safety,['Driving Safety'],Driving / Vehicle Movement,Inadequate Supervision
RPT-00392,2025-03-22,Duliajan Field,UC,working at height on scaffolding,"Observation (UC) at Duliajan Field - working at height on scaffolding in progress, however PPE (harness/gloves/goggles) not worn correctly, increasing risk of fall from height.",1,1,0.845,Working at Height,['Working at Height'],Working at Height,PPE Non-Compliance
RPT-00393,2025-06-04,Jorajan Pipeline ROW,UA,working at height on scaffolding,UA raised at Jorajan Pipeline ROW: worker engaged in working at height on scaffolding without following procedure - communication breakdown between crew and control room.,0,0,0.424,Working at Height,['Working at Height'],Working at Height,Communication Failure
RPT-00394,2025-11-29,Barekuri Well Pad,UA,hot work / welding near flammable storage,"While conducting hot work / welding near flammable storage, a ua occurred at Barekuri Well Pad because supervision inadequate for high-risk task.",0,0,0.323,Hot Work,['Hot Work'],Hot Work,Inadequate Supervision
RPT-00395,2025-02-16,Duliajan Field,Near-Miss,line of fire during pipe fitting removal,Near-Miss raised at Duliajan Field: worker engaged in line of fire during pipe fitting removal without following procedure - barricade/warning signage missing at work area.,0,0,0.443,Line of Fire,['Line of Fire'],Line of Fire Exposure,Barricade/Signage Missing
RPT-00396,2025-09-23,Digboi Refinery,UC,working at height on scaffolding,UC raised at Digboi Refinery: worker engaged in working at height on scaffolding without following procedure - isolation point not verified with lock and tag.,1,1,0.77,Working at Height,"['Working at Height', 'Energy Isolation']",Working at Height,Isolation Not Verified
RPT-00397,2025-08-05,Jorajan Pipeline ROW,Near-Miss,working at height on scaffolding,"During working at height on scaffolding at Jorajan Pipeline ROW, it was observed that permit to work not issued before starting job. This created a direct exposure to fall from height.",0,1,0.769,Working at Height,"['Working at Height', 'Work Authorization']",Working at Height,Permit Not Issued
RPT-00398,2025-02-22,Numaligarh Terminal,UA,electrical panel maintenance,"During electrical panel maintenance at Numaligarh Terminal, it was observed that PPE (harness/gloves/goggles) not worn correctly. This created a direct exposure to unexpected equipment start-up / stored energy release.",1,1,0.821,Energy Isolation,"['Energy Isolation', 'Working at Height']",Electrical Maintenance,PPE Non-Compliance
RPT-00399,2025-12-13,Kumchai Compressor Station,UA,energy isolation / LOTO on pump,UA raised at Kumchai Compressor Station: worker engaged in energy isolation / LOTO on pump without following procedure - barricade/warning signage missing at work area.,0,0,0.315,Energy Isolation,['Energy Isolation'],Energy Isolation / LOTO,Barricade/Signage Missing
RPT-00400,2025-04-20,Digboi Refinery,UA,excavation near buried pipeline,UA raised at Digboi Refinery: worker engaged in excavation near buried pipeline without following procedure - no lifting plan / unqualified rigger used.,0,0,0.436,Safe Mechanical Lifting,['Safe Mechanical Lifting'],Excavation,Permit Not Issued
RPT-00401,2025-02-21,Numaligarh Terminal,Near-Miss,line of fire during pipe fitting removal,Near-Miss raised at Numaligarh Terminal: worker engaged in line of fire during pipe fitting removal without following procedure - no lifting plan / unqualified rigger used.,1,1,0.858,Safe Mechanical Lifting,"['Safe Mechanical Lifting', 'Line of Fire']",Line of Fire Exposure,Permit Not Issued
RPT-00402,2025-03-13,Digboi Refinery,UC,vehicle movement in loading bay,"Observation (UC) at Digboi Refinery - vehicle movement in loading bay in progress, however communication breakdown between crew and control room, increasing risk of vehicle collision.",0,0,0.09,Driving Safety,['Driving Safety'],Driving / Vehicle Movement,Communication Failure
RPT-00403,2025-11-08,Barekuri Well Pad,UA,routine equipment inspection round,Field audit at Barekuri Well Pad identified routine equipment inspection round where PPE (harness/gloves/goggles) not worn correctly. No injury occurred but potential for uncontrolled/unauthorized simultaneous operations was high.,0,0,0.258,Working at Height,"['Working at Height', 'Work Authorization']",Inspection / Housekeeping,PPE Non-Compliance
RPT-00404,2025-07-20,Duliajan Field,UA,routine equipment inspection round,Field audit at Duliajan Field identified routine equipment inspection round where barricade/warning signage missing at work area. No injury occurred but potential for uncontrolled/unauthorized simultaneous operations was high.,0,0,0.077,Work Authorization,['Work Authorization'],Inspection / Housekeeping,Barricade/Signage Missing
RPT-00405,2025-11-01,Duliajan Field,UC,manual lifting with mobile crane,UC raised at Duliajan Field: worker engaged in manual lifting with mobile crane without following procedure - toolbox talk / risk assessment not conducted.,0,0,0.336,Safe Mechanical Lifting,['Safe Mechanical Lifting'],Mechanical Lifting,Risk Assessment Skipped
RPT-00406,2025-10-19,Duliajan Workshop,Incident,working at height on scaffolding,Incident raised at Duliajan Workshop: worker engaged in working at height on scaffolding without following procedure - supervision inadequate for high-risk task.,0,0,0.359,Working at Height,['Working at Height'],Working at Height,Inadequate Supervision
RPT-00407,2025-02-04,Kumchai Compressor Station,Near-Miss,excavation near buried pipeline,"During excavation near buried pipeline at Kumchai Compressor Station, it was observed that gas test not performed before entry. This created a direct exposure to being struck by moving/falling/suspended object.",1,0,0.483,Confined Space,"['Confined Space', 'Line of Fire']",Excavation,Gas Test Skipped
RPT-00408,2025-11-18,Barekuri Well Pad,Incident,manual lifting with mobile crane,"Observation (Incident) at Barekuri Well Pad - manual lifting with mobile crane in progress, however permit to work not issued before starting job, increasing risk of dropped load / crane failure.",1,1,0.645,Safe Mechanical Lifting,"['Safe Mechanical Lifting', 'Work Authorization']",Mechanical Lifting,Permit Not Issued
RPT-00409,2025-10-03,Duliajan Workshop,Near-Miss,line of fire during pipe fitting removal,"During line of fire during pipe fitting removal at Duliajan Workshop, it was observed that communication breakdown between crew and control room. This created a direct exposure to being struck by moving/falling/suspended object.",0,0,0.315,Line of Fire,['Line of Fire'],Line of Fire Exposure,Communication Failure
RPT-00410,2025-03-21,Numaligarh Terminal,UA,driving light vehicle on site road,Field audit at Numaligarh Terminal identified driving light vehicle on site road where PPE (harness/gloves/goggles) not worn correctly. No injury occurred but potential for vehicle collision was high.,0,0,0.23,Driving Safety,"['Driving Safety', 'Working at Height']",Driving / Vehicle Movement,PPE Non-Compliance
RPT-00411,2025-08-12,Kumchai Compressor Station,UC,line of fire during pipe fitting removal,"During line of fire during pipe fitting removal at Kumchai Compressor Station, it was observed that no lifting plan / unqualified rigger used. This created a direct exposure to being struck by moving/falling/suspended object.",1,1,0.829,Line of Fire,"['Line of Fire', 'Safe Mechanical Lifting']",Line of Fire Exposure,Permit Not Issued
RPT-00412,2025-11-10,Moran GGS,UA,working at height on scaffolding,"Observation (UA) at Moran GGS - working at height on scaffolding in progress, however isolation point not verified with lock and tag, increasing risk of fall from height.",1,1,0.806,Working at Height,"['Working at Height', 'Energy Isolation']",Working at Height,Isolation Not Verified
RPT-00413,2025-03-25,Duliajan Field,UA,driving light vehicle on site road,UA raised at Duliajan Field: worker engaged in driving light vehicle on site road without following procedure - gas test not performed before entry.,0,0,0.267,Driving Safety,"['Driving Safety', 'Confined Space']",Driving / Vehicle Movement,Gas Test Skipped
RPT-00414,2025-03-06,Kumchai Compressor Station,Near-Miss,excavation near buried pipeline,"While conducting excavation near buried pipeline, a near-miss occurred at Kumchai Compressor Station because equipment inspection overdue / defective tool used.",0,0,0.192,Unclassified,[],Excavation,Defective Equipment
RPT-00415,2025-08-08,Barekuri Well Pad,Near-Miss,housekeeping / material storage,"During housekeeping / material storage at Barekuri Well Pad, it was observed that PPE (harness/gloves/goggles) not worn correctly. This created a direct exposure to loss of critical safety function.",0,0,0.339,Working at Height,['Working at Height'],Inspection / Housekeeping,PPE Non-Compliance
RPT-00416,2025-09-12,Duliajan Workshop,Near-Miss,hot work / welding near flammable storage,Field audit at Duliajan Workshop identified hot work / welding near flammable storage where barricade/warning signage missing at work area. No injury occurred but potential for fire or explosion in presence of flammable atmosphere was high.,0,0,0.273,Hot Work,['Hot Work'],Hot Work,Barricade/Signage Missing
RPT-00417,2025-03-22,Duliajan Workshop,UC,energy isolation / LOTO on pump,Field audit at Duliajan Workshop identified energy isolation / LOTO on pump where permit to work not issued before starting job. No injury occurred but potential for unexpected equipment start-up / stored energy release was high.,1,1,0.629,Energy Isolation,"['Energy Isolation', 'Work Authorization']",Energy Isolation / LOTO,Permit Not Issued
RPT-00418,2025-01-07,Digboi Refinery,UA,vehicle movement in loading bay,Field audit at Digboi Refinery identified vehicle movement in loading bay where PPE (harness/gloves/goggles) not worn correctly. No injury occurred but potential for vehicle collision was high.,1,0,0.365,Working at Height,"['Working at Height', 'Driving Safety']",Driving / Vehicle Movement,PPE Non-Compliance
RPT-00419,2025-01-19,Duliajan Field,UC,electrical panel maintenance,UC raised at Duliajan Field: worker engaged in electrical panel maintenance without following procedure - supervision inadequate for high-risk task.,1,1,0.511,Unclassified,[],Electrical Maintenance,Inadequate Supervision
RPT-00420,2025-02-09,Naharkatiya Tank Farm,UA,manual lifting with mobile crane,"While conducting manual lifting with mobile crane, a ua occurred at Naharkatiya Tank Farm because supervision inadequate for high-risk task.",0,0,0.307,Safe Mechanical Lifting,['Safe Mechanical Lifting'],Mechanical Lifting,Inadequate Supervision
RPT-00421,2025-09-22,Kumchai Compressor Station,Near-Miss,hot work / welding near flammable storage,"During hot work / welding near flammable storage at Kumchai Compressor Station, it was observed that equipment inspection overdue / defective tool used. This created a direct exposure to fire or explosion in presence of flammable atmosphere.",1,1,0.624,Hot Work,['Hot Work'],Hot Work,Defective Equipment
RPT-00422,2025-10-11,Naharkatiya Tank Farm,Incident,hot work / welding near flammable storage,"While conducting hot work / welding near flammable storage, a incident occurred at Naharkatiya Tank Farm because toolbox talk / risk assessment not conducted.",0,0,0.402,Hot Work,['Hot Work'],Hot Work,Risk Assessment Skipped
RPT-00423,2025-05-05,Duliajan Field,UA,energy isolation / LOTO on pump,"While conducting energy isolation / LOTO on pump, a ua occurred at Duliajan Field because isolation point not verified with lock and tag.",1,1,0.685,Energy Isolation,['Energy Isolation'],Energy Isolation / LOTO,Isolation Not Verified
RPT-00424,2025-10-07,Kumchai Compressor Station,Incident,vehicle movement in loading bay,Incident raised at Kumchai Compressor Station: worker engaged in vehicle movement in loading bay without following procedure - toolbox talk / risk assessment not conducted.,0,0,0.114,Driving Safety,['Driving Safety'],Driving / Vehicle Movement,Risk Assessment Skipped
RPT-00425,2025-12-22,Numaligarh Terminal,UA,working at height on scaffolding,Field audit at Numaligarh Terminal identified working at height on scaffolding where communication breakdown between crew and control room. No injury occurred but potential for fall from height was high.,0,1,0.518,Working at Height,['Working at Height'],Working at Height,Communication Failure
RPT-00426,2025-09-29,Kumchai Compressor Station,Near-Miss,working at height on scaffolding,"While conducting working at height on scaffolding, a near-miss occurred at Kumchai Compressor Station because communication breakdown between crew and control room.",1,0,0.446,Working at Height,['Working at Height'],Working at Height,Communication Failure
RPT-00427,2025-02-17,Naharkatiya Tank Farm,Incident,electrical panel maintenance,Incident raised at Naharkatiya Tank Farm: worker engaged in electrical panel maintenance without following procedure - permit to work not issued before starting job.,1,1,0.777,Work Authorization,['Work Authorization'],Electrical Maintenance,Permit Not Issued
RPT-00428,2025-02-13,Moran GGS,Near-Miss,excavation near buried pipeline,"While conducting excavation near buried pipeline, a near-miss occurred at Moran GGS because communication breakdown between crew and control room.",0,0,0.115,Unclassified,[],Excavation,Communication Failure
RPT-00429,2025-10-18,Digboi Refinery,UC,excavation near buried pipeline,"Observation (UC) at Digboi Refinery - excavation near buried pipeline in progress, however gas test not performed before entry, increasing risk of being struck by moving/falling/suspended object.",0,0,0.282,Confined Space,"['Confined Space', 'Line of Fire']",Excavation,Gas Test Skipped
RPT-00430,2025-07-21,Naharkatiya Tank Farm,UA,routine equipment inspection round,"While conducting routine equipment inspection round, a ua occurred at Naharkatiya Tank Farm because gas test not performed before entry.",0,0,0.356,Confined Space,['Confined Space'],Inspection / Housekeeping,Gas Test Skipped
RPT-00431,2025-03-11,Kumchai Compressor Station,UA,energy isolation / LOTO on pump,"During energy isolation / LOTO on pump at Kumchai Compressor Station, it was observed that toolbox talk / risk assessment not conducted. This created a direct exposure to unexpected equipment start-up / stored energy release.",0,1,0.528,Energy Isolation,['Energy Isolation'],Energy Isolation / LOTO,Risk Assessment Skipped
RPT-00432,2025-03-03,Digboi Refinery,UA,confined space entry into storage tank,"Observation (UA) at Digboi Refinery - confined space entry into storage tank in progress, however PPE (harness/gloves/goggles) not worn correctly, increasing risk of asphyxiation or toxic gas exposure.",1,1,0.747,Confined Space,"['Confined Space', 'Working at Height']",Confined Space Entry,PPE Non-Compliance
RPT-00433,2025-02-16,Kumchai Compressor Station,UA,manual lifting with mobile crane,"While conducting manual lifting with mobile crane, a ua occurred at Kumchai Compressor Station because toolbox talk / risk assessment not conducted.",0,0,0.268,Safe Mechanical Lifting,['Safe Mechanical Lifting'],Mechanical Lifting,Risk Assessment Skipped
RPT-00434,2025-12-31,Barekuri Well Pad,UA,housekeeping / material storage,"While conducting housekeeping / material storage, a ua occurred at Barekuri Well Pad because no lifting plan / unqualified rigger used.",0,0,0.331,Safe Mechanical Lifting,['Safe Mechanical Lifting'],Inspection / Housekeeping,Permit Not Issued
RPT-00435,2025-03-31,Kumchai Compressor Station,UA,line of fire during pipe fitting removal,"While conducting line of fire during pipe fitting removal, a ua occurred at Kumchai Compressor Station because equipment inspection overdue / defective tool used.",0,0,0.464,Line of Fire,['Line of Fire'],Line of Fire Exposure,Defective Equipment
RPT-00436,2025-02-22,Naharkatiya Tank Farm,Near-Miss,electrical panel maintenance,Near-Miss raised at Naharkatiya Tank Farm: worker engaged in electrical panel maintenance without following procedure - equipment inspection overdue / defective tool used.,1,1,0.669,Unclassified,[],Electrical Maintenance,Defective Equipment
RPT-00437,2025-07-25,Digboi Refinery,Near-Miss,working at height on scaffolding,Near-Miss raised at Digboi Refinery: worker engaged in working at height on scaffolding without following procedure - permit to work not issued before starting job.,1,1,0.771,Working at Height,"['Working at Height', 'Work Authorization']",Working at Height,Permit Not Issued
RPT-00438,2025-02-03,Digboi Refinery,UA,vehicle movement in loading bay,"During vehicle movement in loading bay at Digboi Refinery, it was observed that no lifting plan / unqualified rigger used. This created a direct exposure to vehicle collision.",1,0,0.491,Safe Mechanical Lifting,"['Safe Mechanical Lifting', 'Driving Safety']",Driving / Vehicle Movement,Permit Not Issued
RPT-00439,2025-08-25,Jorajan Pipeline ROW,Incident,confined space entry into storage tank,"While conducting confined space entry into storage tank, a incident occurred at Jorajan Pipeline ROW because PPE (harness/gloves/goggles) not worn correctly.",1,1,0.707,Confined Space,"['Confined Space', 'Working at Height']",Confined Space Entry,PPE Non-Compliance
RPT-00440,2025-07-15,Numaligarh Terminal,Near-Miss,vehicle movement in loading bay,"Observation (Near-Miss) at Numaligarh Terminal - vehicle movement in loading bay in progress, however communication breakdown between crew and control room, increasing risk of vehicle collision.",0,0,0.097,Driving Safety,['Driving Safety'],Driving / Vehicle Movement,Communication Failure
RPT-00441,2025-08-17,Naharkatiya Tank Farm,UA,confined space entry into storage tank,UA raised at Naharkatiya Tank Farm: worker engaged in confined space entry into storage tank without following procedure - supervision inadequate for high-risk task.,0,0,0.377,Confined Space,['Confined Space'],Confined Space Entry,Inadequate Supervision
RPT-00442,2025-10-09,Duliajan Field,UC,vehicle movement in loading bay,"While conducting vehicle movement in loading bay, a uc occurred at Duliajan Field because no lifting plan / unqualified rigger used.",0,0,0.418,Safe Mechanical Lifting,"['Safe Mechanical Lifting', 'Driving Safety']",Driving / Vehicle Movement,Permit Not Issued
RPT-00443,2025-09-27,Duliajan Field,UC,hot work / welding near flammable storage,"Observation (UC) at Duliajan Field - hot work / welding near flammable storage in progress, however barricade/warning signage missing at work area, increasing risk of fire or explosion in presence of flammable atmosphere.",1,0,0.354,Hot Work,['Hot Work'],Hot Work,Barricade/Signage Missing
RPT-00444,2025-09-06,Duliajan Workshop,Near-Miss,working at height on scaffolding,"While conducting working at height on scaffolding, a near-miss occurred at Duliajan Workshop because communication breakdown between crew and control room.",0,0,0.321,Working at Height,['Working at Height'],Working at Height,Communication Failure
RPT-00445,2025-11-02,Lakwa Gas Plant,UC,excavation near buried pipeline,UC raised at Lakwa Gas Plant: worker engaged in excavation near buried pipeline without following procedure - supervision inadequate for high-risk task.,1,0,0.202,Unclassified,[],Excavation,Inadequate Supervision
RPT-00446,2025-10-27,Duliajan Field,Near-Miss,driving light vehicle on site road,"Observation (Near-Miss) at Duliajan Field - driving light vehicle on site road in progress, however permit to work not issued before starting job, increasing risk of vehicle collision.",0,0,0.173,Driving Safety,"['Driving Safety', 'Work Authorization']",Driving / Vehicle Movement,Permit Not Issued
RPT-00447,2025-01-29,Numaligarh Terminal,Near-Miss,hot work / welding near flammable storage,"While conducting hot work / welding near flammable storage, a near-miss occurred at Numaligarh Terminal because isolation point not verified with lock and tag.",1,1,0.767,Hot Work,"['Hot Work', 'Energy Isolation']",Hot Work,Isolation Not Verified
RPT-00448,2025-10-31,Lakwa Gas Plant,Incident,line of fire during pipe fitting removal,Incident raised at Lakwa Gas Plant: worker engaged in line of fire during pipe fitting removal without following procedure - supervision inadequate for high-risk task.,1,1,0.519,Line of Fire,['Line of Fire'],Line of Fire Exposure,Inadequate Supervision
RPT-00449,2025-10-16,Kumchai Compressor Station,Near-Miss,vehicle movement in loading bay,"While conducting vehicle movement in loading bay, a near-miss occurred at Kumchai Compressor Station because permit to work not issued before starting job.",0,0,0.377,Driving Safety,"['Driving Safety', 'Work Authorization']",Driving / Vehicle Movement,Permit Not Issued
RPT-00450,2025-02-16,Lakwa Gas Plant,UC,manual lifting with mobile crane,UC raised at Lakwa Gas Plant: worker engaged in manual lifting with mobile crane without following procedure - toolbox talk / risk assessment not conducted.,0,0,0.399,Safe Mechanical Lifting,['Safe Mechanical Lifting'],Mechanical Lifting,Risk Assessment Skipped
RPT-00451,2025-11-11,Moran GGS,UA,vehicle movement in loading bay,"Observation (UA) at Moran GGS - vehicle movement in loading bay in progress, however isolation point not verified with lock and tag, increasing risk of vehicle collision.",1,0,0.365,Energy Isolation,"['Energy Isolation', 'Driving Safety']",Driving / Vehicle Movement,Isolation Not Verified
RPT-00452,2025-03-17,Numaligarh Terminal,Incident,energy isolation / LOTO on pump,"While conducting energy isolation / LOTO on pump, a incident occurred at Numaligarh Terminal because gas test not performed before entry.",1,1,0.769,Energy Isolation,"['Energy Isolation', 'Confined Space']",Energy Isolation / LOTO,Gas Test Skipped
RPT-00453,2025-12-06,Numaligarh Terminal,Incident,hot work / welding near flammable storage,"During hot work / welding near flammable storage at Numaligarh Terminal, it was observed that equipment inspection overdue / defective tool used. This created a direct exposure to fire or explosion in presence of flammable atmosphere.",0,1,0.616,Hot Work,['Hot Work'],Hot Work,Defective Equipment
RPT-00454,2025-08-12,Lakwa Gas Plant,UA,hot work / welding near flammable storage,UA raised at Lakwa Gas Plant: worker engaged in hot work / welding near flammable storage without following procedure - supervision inadequate for high-risk task.,0,0,0.474,Hot Work,['Hot Work'],Hot Work,Inadequate Supervision
RPT-00455,2025-11-11,Jorajan Pipeline ROW,UA,routine equipment inspection round,Field audit at Jorajan Pipeline ROW identified routine equipment inspection round where supervision inadequate for high-risk task. No injury occurred but potential for uncontrolled/unauthorized simultaneous operations was high.,0,0,0.122,Work Authorization,['Work Authorization'],Inspection / Housekeeping,Inadequate Supervision
RPT-00456,2025-12-19,Moran GGS,Near-Miss,routine equipment inspection round,"Observation (Near-Miss) at Moran GGS - routine equipment inspection round in progress, however no lifting plan / unqualified rigger used, increasing risk of uncontrolled/unauthorized simultaneous operations.",0,0,0.288,Safe Mechanical Lifting,"['Safe Mechanical Lifting', 'Work Authorization']",Inspection / Housekeeping,Permit Not Issued
RPT-00457,2025-10-18,Numaligarh Terminal,Incident,confined space entry into storage tank,Field audit at Numaligarh Terminal identified confined space entry into storage tank where permit to work not issued before starting job. No injury occurred but potential for asphyxiation or toxic gas exposure was high.,1,1,0.771,Confined Space,"['Confined Space', 'Work Authorization']",Confined Space Entry,Permit Not Issued
RPT-00458,2025-10-17,Numaligarh Terminal,Incident,vehicle movement in loading bay,Field audit at Numaligarh Terminal identified vehicle movement in loading bay where supervision inadequate for high-risk task. No injury occurred but potential for vehicle collision was high.,0,0,0.122,Driving Safety,['Driving Safety'],Driving / Vehicle Movement,Inadequate Supervision
RPT-00459,2025-06-13,Jorajan Pipeline ROW,Near-Miss,confined space entry into storage tank,Near-Miss raised at Jorajan Pipeline ROW: worker engaged in confined space entry into storage tank without following procedure - supervision inadequate for high-risk task.,0,0,0.427,Confined Space,['Confined Space'],Confined Space Entry,Inadequate Supervision
RPT-00460,2025-12-21,Digboi Refinery,UC,housekeeping / material storage,"While conducting housekeeping / material storage, a uc occurred at Digboi Refinery because supervision inadequate for high-risk task.",0,0,0.102,Unclassified,[],Inspection / Housekeeping,Inadequate Supervision
RPT-00461,2025-08-03,Kumchai Compressor Station,Near-Miss,driving light vehicle on site road,"During driving light vehicle on site road at Kumchai Compressor Station, it was observed that PPE (harness/gloves/goggles) not worn correctly. This created a direct exposure to vehicle collision.",0,0,0.266,Driving Safety,"['Driving Safety', 'Working at Height']",Driving / Vehicle Movement,PPE Non-Compliance
RPT-00462,2025-09-03,Naharkatiya Tank Farm,UC,electrical panel maintenance,"Observation (UC) at Naharkatiya Tank Farm - electrical panel maintenance in progress, however communication breakdown between crew and control room, increasing risk of unexpected equipment start-up / stored energy release.",1,0,0.429,Energy Isolation,['Energy Isolation'],Electrical Maintenance,Communication Failure
RPT-00463,2025-06-13,Moran GGS,UA,confined space entry into storage tank,"During confined space entry into storage tank at Moran GGS, it was observed that toolbox talk / risk assessment not conducted. This created a direct exposure to asphyxiation or toxic gas exposure.",0,0,0.457,Confined Space,['Confined Space'],Confined Space Entry,Risk Assessment Skipped
RPT-00464,2025-02-08,Digboi Refinery,UA,hot work / welding near flammable storage,"Observation (UA) at Digboi Refinery - hot work / welding near flammable storage in progress, however supervision inadequate for high-risk task, increasing risk of fire or explosion in presence of flammable atmosphere.",1,0,0.384,Hot Work,['Hot Work'],Hot Work,Inadequate Supervision
RPT-00465,2025-08-09,Digboi Refinery,Incident,energy isolation / LOTO on pump,"Observation (Incident) at Digboi Refinery - energy isolation / LOTO on pump in progress, however no lifting plan / unqualified rigger used, increasing risk of unexpected equipment start-up / stored energy release.",1,1,0.729,Energy Isolation,"['Energy Isolation', 'Safe Mechanical Lifting']",Energy Isolation / LOTO,Permit Not Issued
RPT-00466,2025-04-08,Numaligarh Terminal,UA,vehicle movement in loading bay,"During vehicle movement in loading bay at Numaligarh Terminal, it was observed that communication breakdown between crew and control room. This created a direct exposure to vehicle collision.",0,0,0.116,Driving Safety,['Driving Safety'],Driving / Vehicle Movement,Communication Failure
RPT-00467,2025-02-19,Duliajan Workshop,UA,housekeeping / material storage,"While conducting housekeeping / material storage, a ua occurred at Duliajan Workshop because equipment inspection overdue / defective tool used.",0,0,0.092,Unclassified,[],Inspection / Housekeeping,Defective Equipment
RPT-00468,2025-01-02,Naharkatiya Tank Farm,Near-Miss,vehicle movement in loading bay,Near-Miss raised at Naharkatiya Tank Farm: worker engaged in vehicle movement in loading bay without following procedure - equipment inspection overdue / defective tool used.,0,0,0.296,Driving Safety,['Driving Safety'],Driving / Vehicle Movement,Defective Equipment
RPT-00469,2025-03-29,Digboi Refinery,UC,driving light vehicle on site road,"During driving light vehicle on site road at Digboi Refinery, it was observed that no lifting plan / unqualified rigger used. This created a direct exposure to vehicle collision.",1,0,0.338,Driving Safety,"['Driving Safety', 'Safe Mechanical Lifting']",Driving / Vehicle Movement,Permit Not Issued
RPT-00470,2025-08-30,Barekuri Well Pad,Near-Miss,hot work / welding near flammable storage,"While conducting hot work / welding near flammable storage, a near-miss occurred at Barekuri Well Pad because toolbox talk / risk assessment not conducted.",0,0,0.367,Hot Work,['Hot Work'],Hot Work,Risk Assessment Skipped
RPT-00471,2025-07-09,Barekuri Well Pad,UC,hot work / welding near flammable storage,"While conducting hot work / welding near flammable storage, a uc occurred at Barekuri Well Pad because equipment inspection overdue / defective tool used.",0,0,0.477,Hot Work,['Hot Work'],Hot Work,Defective Equipment
RPT-00472,2025-05-18,Jorajan Pipeline ROW,UC,working at height on scaffolding,"While conducting working at height on scaffolding, a uc occurred at Jorajan Pipeline ROW because barricade/warning signage missing at work area.",1,0,0.46,Working at Height,['Working at Height'],Working at Height,Barricade/Signage Missing
RPT-00473,2025-07-31,Duliajan Field,UA,confined space entry into storage tank,"While conducting confined space entry into storage tank, a ua occurred at Duliajan Field because PPE (harness/gloves/goggles) not worn correctly.",0,1,0.604,Confined Space,"['Confined Space', 'Working at Height']",Confined Space Entry,PPE Non-Compliance
RPT-00474,2025-10-02,Moran GGS,Near-Miss,excavation near buried pipeline,Field audit at Moran GGS identified excavation near buried pipeline where permit to work not issued before starting job. No injury occurred but potential for being struck by moving/falling/suspended object was high.,0,0,0.351,Line of Fire,"['Line of Fire', 'Work Authorization']",Excavation,Permit Not Issued
RPT-00475,2026-01-01,Jorajan Pipeline ROW,UC,vehicle movement in loading bay,"During vehicle movement in loading bay at Jorajan Pipeline ROW, it was observed that isolation point not verified with lock and tag. This created a direct exposure to vehicle collision.",0,0,0.388,Energy Isolation,"['Energy Isolation', 'Driving Safety']",Driving / Vehicle Movement,Isolation Not Verified
RPT-00476,2025-08-18,Duliajan Workshop,Near-Miss,vehicle movement in loading bay,Field audit at Duliajan Workshop identified vehicle movement in loading bay where equipment inspection overdue / defective tool used. No injury occurred but potential for vehicle collision was high.,0,0,0.121,Driving Safety,['Driving Safety'],Driving / Vehicle Movement,Defective Equipment
RPT-00477,2025-12-16,Numaligarh Terminal,UA,manual lifting with mobile crane,"Observation (UA) at Numaligarh Terminal - manual lifting with mobile crane in progress, however isolation point not verified with lock and tag, increasing risk of dropped load / crane failure.",1,1,0.742,Safe Mechanical Lifting,"['Safe Mechanical Lifting', 'Energy Isolation']",Mechanical Lifting,PPE Non-Compliance
RPT-00478,2025-02-04,Moran GGS,Near-Miss,routine equipment inspection round,"While conducting routine equipment inspection round, a near-miss occurred at Moran GGS because gas test not performed before entry.",0,0,0.327,Confined Space,['Confined Space'],Inspection / Housekeeping,Gas Test Skipped
RPT-00479,2025-01-07,Naharkatiya Tank Farm,UC,excavation near buried pipeline,"While conducting excavation near buried pipeline, a uc occurred at Naharkatiya Tank Farm because communication breakdown between crew and control room.",0,0,0.101,Unclassified,[],Excavation,Communication Failure
RPT-00480,2025-03-17,Lakwa Gas Plant,Near-Miss,vehicle movement in loading bay,"During vehicle movement in loading bay at Lakwa Gas Plant, it was observed that equipment inspection overdue / defective tool used. This created a direct exposure to vehicle collision.",0,0,0.301,Driving Safety,['Driving Safety'],Driving / Vehicle Movement,Defective Equipment
RPT-00481,2025-05-27,Lakwa Gas Plant,Incident,vehicle movement in loading bay,Field audit at Lakwa Gas Plant identified vehicle movement in loading bay where PPE (harness/gloves/goggles) not worn correctly. No injury occurred but potential for vehicle collision was high.,0,0,0.449,Working at Height,"['Working at Height', 'Driving Safety']",Driving / Vehicle Movement,PPE Non-Compliance
RPT-00482,2025-08-31,Kumchai Compressor Station,UC,line of fire during pipe fitting removal,"Observation (UC) at Kumchai Compressor Station - line of fire during pipe fitting removal in progress, however barricade/warning signage missing at work area, increasing risk of being struck by moving/falling/suspended object.",0,0,0.278,Line of Fire,['Line of Fire'],Line of Fire Exposure,Barricade/Signage Missing
RPT-00483,2025-07-25,Numaligarh Terminal,UA,driving light vehicle on site road,Field audit at Numaligarh Terminal identified driving light vehicle on site road where communication breakdown between crew and control room. No injury occurred but potential for vehicle collision was high.,0,0,0.058,Driving Safety,['Driving Safety'],Driving / Vehicle Movement,Communication Failure
RPT-00484,2025-07-10,Naharkatiya Tank Farm,UA,energy isolation / LOTO on pump,"Observation (UA) at Naharkatiya Tank Farm - energy isolation / LOTO on pump in progress, however isolation point not verified with lock and tag, increasing risk of unexpected equipment start-up / stored energy release.",0,1,0.76,Energy Isolation,['Energy Isolation'],Energy Isolation / LOTO,Isolation Not Verified
RPT-00485,2025-12-17,Kumchai Compressor Station,UA,driving light vehicle on site road,"Observation (UA) at Kumchai Compressor Station - driving light vehicle on site road in progress, however barricade/warning signage missing at work area, increasing risk of vehicle collision.",0,0,0.063,Driving Safety,['Driving Safety'],Driving / Vehicle Movement,Barricade/Signage Missing
RPT-00486,2025-06-14,Moran GGS,Incident,confined space entry into storage tank,"Observation (Incident) at Moran GGS - confined space entry into storage tank in progress, however barricade/warning signage missing at work area, increasing risk of asphyxiation or toxic gas exposure.",0,0,0.313,Confined Space,['Confined Space'],Confined Space Entry,Barricade/Signage Missing
RPT-00487,2025-07-28,Naharkatiya Tank Farm,UA,vehicle movement in loading bay,UA raised at Naharkatiya Tank Farm: worker engaged in vehicle movement in loading bay without following procedure - PPE (harness/gloves/goggles) not worn correctly.,0,0,0.455,Working at Height,"['Working at Height', 'Driving Safety']",Driving / Vehicle Movement,PPE Non-Compliance
RPT-00488,2025-02-03,Jorajan Pipeline ROW,Near-Miss,excavation near buried pipeline,Field audit at Jorajan Pipeline ROW identified excavation near buried pipeline where supervision inadequate for high-risk task. No injury occurred but potential for being struck by moving/falling/suspended object was high.,0,0,0.161,Line of Fire,['Line of Fire'],Excavation,Inadequate Supervision
RPT-00489,2025-01-15,Duliajan Workshop,Near-Miss,line of fire during pipe fitting removal,Field audit at Duliajan Workshop identified line of fire during pipe fitting removal where gas test not performed before entry. No injury occurred but potential for being struck by moving/falling/suspended object was high.,0,1,0.621,Line of Fire,"['Line of Fire', 'Confined Space']",Line of Fire Exposure,Gas Test Skipped
RPT-00490,2025-07-04,Moran GGS,UA,manual lifting with mobile crane,"Observation (UA) at Moran GGS - manual lifting with mobile crane in progress, however permit to work not issued before starting job, increasing risk of dropped load / crane failure.",1,1,0.729,Safe Mechanical Lifting,"['Safe Mechanical Lifting', 'Work Authorization']",Mechanical Lifting,Permit Not Issued
RPT-00491,2025-03-05,Moran GGS,Near-Miss,driving light vehicle on site road,Field audit at Moran GGS identified driving light vehicle on site road where supervision inadequate for high-risk task. No injury occurred but potential for vehicle collision was high.,0,0,0.075,Driving Safety,['Driving Safety'],Driving / Vehicle Movement,Inadequate Supervision
RPT-00492,2025-08-31,Duliajan Field,UC,manual lifting with mobile crane,"Observation (UC) at Duliajan Field - manual lifting with mobile crane in progress, however supervision inadequate for high-risk task, increasing risk of dropped load / crane failure.",1,0,0.419,Safe Mechanical Lifting,['Safe Mechanical Lifting'],Mechanical Lifting,PPE Non-Compliance
RPT-00493,2025-12-19,Duliajan Workshop,UA,energy isolation / LOTO on pump,"While conducting energy isolation / LOTO on pump, a ua occurred at Duliajan Workshop because supervision inadequate for high-risk task.",0,0,0.292,Energy Isolation,['Energy Isolation'],Energy Isolation / LOTO,Inadequate Supervision
RPT-00494,2025-04-20,Barekuri Well Pad,UA,working at height on scaffolding,Field audit at Barekuri Well Pad identified working at height on scaffolding where communication breakdown between crew and control room. No injury occurred but potential for fall from height was high.,0,0,0.458,Working at Height,['Working at Height'],Working at Height,Communication Failure
RPT-00495,2025-12-16,Moran GGS,UA,routine equipment inspection round,"Observation (UA) at Moran GGS - routine equipment inspection round in progress, however isolation point not verified with lock and tag, increasing risk of uncontrolled/unauthorized simultaneous operations.",0,0,0.268,Energy Isolation,"['Energy Isolation', 'Work Authorization']",Inspection / Housekeeping,Isolation Not Verified
RPT-00496,2025-11-08,Jorajan Pipeline ROW,UC,confined space entry into storage tank,"During confined space entry into storage tank at Jorajan Pipeline ROW, it was observed that gas test not performed before entry. This created a direct exposure to asphyxiation or toxic gas exposure.",1,1,0.757,Confined Space,['Confined Space'],Confined Space Entry,Gas Test Skipped
RPT-00497,2025-08-27,Barekuri Well Pad,Incident,line of fire during pipe fitting removal,"Observation (Incident) at Barekuri Well Pad - line of fire during pipe fitting removal in progress, however communication breakdown between crew and control room, increasing risk of being struck by moving/falling/suspended object.",0,0,0.204,Line of Fire,['Line of Fire'],Line of Fire Exposure,Communication Failure
RPT-00498,2025-12-06,Duliajan Workshop,UC,vehicle movement in loading bay,"During vehicle movement in loading bay at Duliajan Workshop, it was observed that communication breakdown between crew and control room. This created a direct exposure to vehicle collision.",0,0,0.077,Driving Safety,['Driving Safety'],Driving / Vehicle Movement,Communication Failure
RPT-00499,2025-09-04,Duliajan Workshop,UC,routine equipment inspection round,"While conducting routine equipment inspection round, a uc occurred at Duliajan Workshop because no lifting plan / unqualified rigger used.",0,0,0.258,Safe Mechanical Lifting,['Safe Mechanical Lifting'],Inspection / Housekeeping,Permit Not Issued
RPT-00500,2025-11-30,Kumchai Compressor Station,Incident,driving light vehicle on site road,"While conducting driving light vehicle on site road, a incident occurred at Kumchai Compressor Station because supervision inadequate for high-risk task.",0,0,0.073,Driving Safety,['Driving Safety'],Driving / Vehicle Movement,Inadequate Supervision
RPT-00501,2025-11-04,Moran GGS,Near-Miss,confined space entry into storage tank,"During confined space entry into storage tank at Moran GGS, it was observed that equipment inspection overdue / defective tool used. This created a direct exposure to asphyxiation or toxic gas exposure.",0,1,0.623,Confined Space,['Confined Space'],Confined Space Entry,Defective Equipment
RPT-00502,2025-05-13,Kumchai Compressor Station,Near-Miss,routine equipment inspection round,"Observation (Near-Miss) at Kumchai Compressor Station - routine equipment inspection round in progress, however gas test not performed before entry, increasing risk of uncontrolled/unauthorized simultaneous operations.",0,0,0.197,Confined Space,"['Confined Space', 'Work Authorization']",Inspection / Housekeeping,Gas Test Skipped
RPT-00503,2025-06-25,Naharkatiya Tank Farm,UC,line of fire during pipe fitting removal,Field audit at Naharkatiya Tank Farm identified line of fire during pipe fitting removal where permit to work not issued before starting job. No injury occurred but potential for being struck by moving/falling/suspended object was high.,0,1,0.684,Line of Fire,"['Line of Fire', 'Work Authorization']",Line of Fire Exposure,Permit Not Issued
RPT-00504,2025-12-10,Moran GGS,UC,routine equipment inspection round,"Observation (UC) at Moran GGS - routine equipment inspection round in progress, however equipment inspection overdue / defective tool used, increasing risk of uncontrolled/unauthorized simultaneous operations.",0,0,0.131,Work Authorization,['Work Authorization'],Inspection / Housekeeping,Defective Equipment
RPT-00505,2025-02-19,Duliajan Workshop,Near-Miss,driving light vehicle on site road,Field audit at Duliajan Workshop identified driving light vehicle on site road where gas test not performed before entry. No injury occurred but potential for vehicle collision was high.,0,0,0.148,Driving Safety,"['Driving Safety', 'Confined Space']",Driving / Vehicle Movement,Gas Test Skipped
RPT-00506,2025-04-04,Numaligarh Terminal,Near-Miss,housekeeping / material storage,Field audit at Numaligarh Terminal identified housekeeping / material storage where barricade/warning signage missing at work area. No injury occurred but potential for loss of critical safety function was high.,0,0,0.107,Unclassified,[],Inspection / Housekeeping,Barricade/Signage Missing
RPT-00507,2025-06-07,Kumchai Compressor Station,UA,routine equipment inspection round,UA raised at Kumchai Compressor Station: worker engaged in routine equipment inspection round without following procedure - PPE (harness/gloves/goggles) not worn correctly.,0,0,0.354,Working at Height,['Working at Height'],Inspection / Housekeeping,PPE Non-Compliance
RPT-00508,2025-08-29,Kumchai Compressor Station,UC,energy isolation / LOTO on pump,"Observation (UC) at Kumchai Compressor Station - energy isolation / LOTO on pump in progress, however barricade/warning signage missing at work area, increasing risk of unexpected equipment start-up / stored energy release.",0,0,0.418,Energy Isolation,['Energy Isolation'],Energy Isolation / LOTO,Barricade/Signage Missing
RPT-00509,2025-12-15,Lakwa Gas Plant,UA,vehicle movement in loading bay,UA raised at Lakwa Gas Plant: worker engaged in vehicle movement in loading bay without following procedure - no lifting plan / unqualified rigger used.,0,1,0.514,Safe Mechanical Lifting,"['Safe Mechanical Lifting', 'Driving Safety']",Driving / Vehicle Movement,Permit Not Issued
RPT-00510,2025-04-13,Duliajan Workshop,UA,driving light vehicle on site road,UA raised at Duliajan Workshop: worker engaged in driving light vehicle on site road without following procedure - communication breakdown between crew and control room.,0,0,0.06,Driving Safety,['Driving Safety'],Driving / Vehicle Movement,Communication Failure
RPT-00511,2025-09-07,Naharkatiya Tank Farm,UA,vehicle movement in loading bay,UA raised at Naharkatiya Tank Farm: worker engaged in vehicle movement in loading bay without following procedure - toolbox talk / risk assessment not conducted.,0,0,0.16,Driving Safety,['Driving Safety'],Driving / Vehicle Movement,Risk Assessment Skipped
RPT-00512,2025-03-28,Numaligarh Terminal,UA,energy isolation / LOTO on pump,"While conducting energy isolation / LOTO on pump, a ua occurred at Numaligarh Terminal because permit to work not issued before starting job.",1,1,0.769,Energy Isolation,"['Energy Isolation', 'Work Authorization']",Energy Isolation / LOTO,Permit Not Issued
RPT-00513,2025-07-26,Numaligarh Terminal,UA,electrical panel maintenance,"Observation (UA) at Numaligarh Terminal - electrical panel maintenance in progress, however PPE (harness/gloves/goggles) not worn correctly, increasing risk of unexpected equipment start-up / stored energy release.",1,1,0.803,Energy Isolation,"['Energy Isolation', 'Working at Height']",Electrical Maintenance,PPE Non-Compliance
RPT-00514,2025-01-08,Jorajan Pipeline ROW,UA,line of fire during pipe fitting removal,UA raised at Jorajan Pipeline ROW: worker engaged in line of fire during pipe fitting removal without following procedure - permit to work not issued before starting job.,1,1,0.776,Line of Fire,"['Line of Fire', 'Work Authorization']",Line of Fire Exposure,Permit Not Issued
RPT-00515,2025-06-26,Duliajan Workshop,Near-Miss,manual lifting with mobile crane,Near-Miss raised at Duliajan Workshop: worker engaged in manual lifting with mobile crane without following procedure - permit to work not issued before starting job.,1,1,0.574,Safe Mechanical Lifting,"['Safe Mechanical Lifting', 'Work Authorization']",Mechanical Lifting,Permit Not Issued
RPT-00516,2025-01-24,Numaligarh Terminal,UC,hot work / welding near flammable storage,"While conducting hot work / welding near flammable storage, a uc occurred at Numaligarh Terminal because communication breakdown between crew and control room.",1,0,0.427,Hot Work,['Hot Work'],Hot Work,Communication Failure
RPT-00517,2025-12-18,Barekuri Well Pad,UC,electrical panel maintenance,"While conducting electrical panel maintenance, a uc occurred at Barekuri Well Pad because equipment inspection overdue / defective tool used.",0,0,0.458,Unclassified,[],Electrical Maintenance,Defective Equipment
RPT-00518,2025-07-26,Kumchai Compressor Station,Near-Miss,electrical panel maintenance,Near-Miss raised at Kumchai Compressor Station: worker engaged in electrical panel maintenance without following procedure - supervision inadequate for high-risk task.,0,0,0.454,Unclassified,[],Electrical Maintenance,Inadequate Supervision
RPT-00519,2025-03-28,Moran GGS,UA,manual lifting with mobile crane,"During manual lifting with mobile crane at Moran GGS, it was observed that gas test not performed before entry. This created a direct exposure to dropped load / crane failure.",1,1,0.8,Safe Mechanical Lifting,"['Safe Mechanical Lifting', 'Confined Space']",Mechanical Lifting,PPE Non-Compliance
RPT-00520,2025-11-16,Kumchai Compressor Station,UC,housekeeping / material storage,"While conducting housekeeping / material storage, a uc occurred at Kumchai Compressor Station because permit to work not issued before starting job.",0,0,0.309,Work Authorization,['Work Authorization'],Inspection / Housekeeping,Permit Not Issued
RPT-00521,2025-03-01,Lakwa Gas Plant,Near-Miss,working at height on scaffolding,"During working at height on scaffolding at Lakwa Gas Plant, it was observed that PPE (harness/gloves/goggles) not worn correctly. This created a direct exposure to fall from height.",1,1,0.864,Working at Height,['Working at Height'],Working at Height,PPE Non-Compliance
RPT-00522,2025-04-16,Jorajan Pipeline ROW,UC,line of fire during pipe fitting removal,"Observation (UC) at Jorajan Pipeline ROW - line of fire during pipe fitting removal in progress, however PPE (harness/gloves/goggles) not worn correctly, increasing risk of being struck by moving/falling/suspended object.",1,1,0.734,Line of Fire,"['Line of Fire', 'Working at Height']",Line of Fire Exposure,PPE Non-Compliance
RPT-00523,2025-11-07,Duliajan Field,Near-Miss,driving light vehicle on site road,Field audit at Duliajan Field identified driving light vehicle on site road where communication breakdown between crew and control room. No injury occurred but potential for vehicle collision was high.,0,0,0.053,Driving Safety,['Driving Safety'],Driving / Vehicle Movement,Communication Failure
RPT-00524,2025-02-28,Numaligarh Terminal,UC,line of fire during pipe fitting removal,Field audit at Numaligarh Terminal identified line of fire during pipe fitting removal where PPE (harness/gloves/goggles) not worn correctly. No injury occurred but potential for being struck by moving/falling/suspended object was high.,1,1,0.726,Line of Fire,"['Line of Fire', 'Working at Height']",Line of Fire Exposure,PPE Non-Compliance
RPT-00525,2025-04-14,Jorajan Pipeline ROW,UA,manual lifting with mobile crane,"While conducting manual lifting with mobile crane, a ua occurred at Jorajan Pipeline ROW because no lifting plan / unqualified rigger used.",0,1,0.696,Safe Mechanical Lifting,['Safe Mechanical Lifting'],Mechanical Lifting,Permit Not Issued
RPT-00526,2025-12-19,Naharkatiya Tank Farm,UA,driving light vehicle on site road,"Observation (UA) at Naharkatiya Tank Farm - driving light vehicle on site road in progress, however gas test not performed before entry, increasing risk of vehicle collision.",0,0,0.196,Driving Safety,"['Driving Safety', 'Confined Space']",Driving / Vehicle Movement,Gas Test Skipped
RPT-00527,2025-10-21,Kumchai Compressor Station,UA,manual lifting with mobile crane,"During manual lifting with mobile crane at Kumchai Compressor Station, it was observed that permit to work not issued before starting job. This created a direct exposure to dropped load / crane failure.",0,1,0.661,Safe Mechanical Lifting,"['Safe Mechanical Lifting', 'Work Authorization']",Mechanical Lifting,Permit Not Issued
RPT-00528,2025-02-21,Jorajan Pipeline ROW,Near-Miss,confined space entry into storage tank,"During confined space entry into storage tank at Jorajan Pipeline ROW, it was observed that PPE (harness/gloves/goggles) not worn correctly. This created a direct exposure to asphyxiation or toxic gas exposure.",1,1,0.757,Confined Space,"['Confined Space', 'Working at Height']",Confined Space Entry,PPE Non-Compliance
RPT-00529,2025-03-31,Moran GGS,UA,electrical panel maintenance,"During electrical panel maintenance at Moran GGS, it was observed that barricade/warning signage missing at work area. This created a direct exposure to unexpected equipment start-up / stored energy release.",1,1,0.556,Energy Isolation,['Energy Isolation'],Electrical Maintenance,Barricade/Signage Missing
RPT-00530,2025-01-24,Barekuri Well Pad,UC,energy isolation / LOTO on pump,"During energy isolation / LOTO on pump at Barekuri Well Pad, it was observed that supervision inadequate for high-risk task. This created a direct exposure to unexpected equipment start-up / stored energy release.",1,1,0.553,Energy Isolation,['Energy Isolation'],Energy Isolation / LOTO,Inadequate Supervision
RPT-00531,2025-05-18,Numaligarh Terminal,UA,routine equipment inspection round,"Observation (UA) at Numaligarh Terminal - routine equipment inspection round in progress, however gas test not performed before entry, increasing risk of uncontrolled/unauthorized simultaneous operations.",0,0,0.213,Confined Space,"['Confined Space', 'Work Authorization']",Inspection / Housekeeping,Gas Test Skipped
RPT-00532,2025-08-22,Digboi Refinery,UA,energy isolation / LOTO on pump,"Observation (UA) at Digboi Refinery - energy isolation / LOTO on pump in progress, however supervision inadequate for high-risk task, increasing risk of unexpected equipment start-up / stored energy release.",0,0,0.443,Energy Isolation,['Energy Isolation'],Energy Isolation / LOTO,Inadequate Supervision
RPT-00533,2025-12-23,Naharkatiya Tank Farm,Near-Miss,housekeeping / material storage,Near-Miss raised at Naharkatiya Tank Farm: worker engaged in housekeeping / material storage without following procedure - toolbox talk / risk assessment not conducted.,0,0,0.179,Unclassified,[],Inspection / Housekeeping,Risk Assessment Skipped
RPT-00534,2025-10-19,Duliajan Field,UC,confined space entry into storage tank,Field audit at Duliajan Field identified confined space entry into storage tank where PPE (harness/gloves/goggles) not worn correctly. No injury occurred but potential for asphyxiation or toxic gas exposure was high.,1,1,0.792,Confined Space,"['Confined Space', 'Working at Height']",Confined Space Entry,PPE Non-Compliance
RPT-00535,2025-12-17,Jorajan Pipeline ROW,UC,confined space entry into storage tank,"While conducting confined space entry into storage tank, a uc occurred at Jorajan Pipeline ROW because no lifting plan / unqualified rigger used.",1,1,0.785,Safe Mechanical Lifting,"['Safe Mechanical Lifting', 'Confined Space']",Confined Space Entry,Permit Not Issued
RPT-00536,2025-02-02,Numaligarh Terminal,UA,electrical panel maintenance,"Observation (UA) at Numaligarh Terminal - electrical panel maintenance in progress, however toolbox talk / risk assessment not conducted, increasing risk of unexpected equipment start-up / stored energy release.",0,0,0.481,Energy Isolation,['Energy Isolation'],Electrical Maintenance,Risk Assessment Skipped
RPT-00537,2025-04-25,Kumchai Compressor Station,Near-Miss,working at height on scaffolding,Field audit at Kumchai Compressor Station identified working at height on scaffolding where equipment inspection overdue / defective tool used. No injury occurred but potential for fall from height was high.,0,1,0.618,Working at Height,['Working at Height'],Working at Height,Defective Equipment
RPT-00538,2025-12-05,Kumchai Compressor Station,Near-Miss,excavation near buried pipeline,Field audit at Kumchai Compressor Station identified excavation near buried pipeline where equipment inspection overdue / defective tool used. No injury occurred but potential for being struck by moving/falling/suspended object was high.,0,0,0.19,Line of Fire,['Line of Fire'],Excavation,Defective Equipment
RPT-00539,2025-10-13,Moran GGS,Near-Miss,electrical panel maintenance,"Observation (Near-Miss) at Moran GGS - electrical panel maintenance in progress, however supervision inadequate for high-risk task, increasing risk of unexpected equipment start-up / stored energy release.",1,0,0.46,Energy Isolation,['Energy Isolation'],Electrical Maintenance,Inadequate Supervision
RPT-00540,2025-03-26,Duliajan Field,UC,working at height on scaffolding,"Observation (UC) at Duliajan Field - working at height on scaffolding in progress, however gas test not performed before entry, increasing risk of fall from height.",0,1,0.767,Working at Height,"['Working at Height', 'Confined Space']",Working at Height,Gas Test Skipped
RPT-00541,2025-04-25,Jorajan Pipeline ROW,UA,energy isolation / LOTO on pump,"While conducting energy isolation / LOTO on pump, a ua occurred at Jorajan Pipeline ROW because isolation point not verified with lock and tag.",1,1,0.769,Energy Isolation,['Energy Isolation'],Energy Isolation / LOTO,Isolation Not Verified
RPT-00542,2025-08-18,Naharkatiya Tank Farm,UA,line of fire during pipe fitting removal,"Observation (UA) at Naharkatiya Tank Farm - line of fire during pipe fitting removal in progress, however isolation point not verified with lock and tag, increasing risk of being struck by moving/falling/suspended object.",0,1,0.647,Line of Fire,"['Line of Fire', 'Energy Isolation']",Line of Fire Exposure,Isolation Not Verified
RPT-00543,2025-01-10,Jorajan Pipeline ROW,UA,electrical panel maintenance,"Observation (UA) at Jorajan Pipeline ROW - electrical panel maintenance in progress, however supervision inadequate for high-risk task, increasing risk of unexpected equipment start-up / stored energy release.",0,0,0.437,Energy Isolation,['Energy Isolation'],Electrical Maintenance,Inadequate Supervision
RPT-00544,2025-11-06,Naharkatiya Tank Farm,UC,line of fire during pipe fitting removal,"During line of fire during pipe fitting removal at Naharkatiya Tank Farm, it was observed that permit to work not issued before starting job. This created a direct exposure to being struck by moving/falling/suspended object.",0,1,0.657,Line of Fire,"['Line of Fire', 'Work Authorization']",Line of Fire Exposure,Permit Not Issued
RPT-00545,2025-07-06,Barekuri Well Pad,UA,excavation near buried pipeline,"Observation (UA) at Barekuri Well Pad - excavation near buried pipeline in progress, however equipment inspection overdue / defective tool used, increasing risk of being struck by moving/falling/suspended object.",0,0,0.155,Line of Fire,['Line of Fire'],Excavation,Defective Equipment
RPT-00546,2025-12-03,Moran GGS,UC,electrical panel maintenance,Field audit at Moran GGS identified electrical panel maintenance where supervision inadequate for high-risk task. No injury occurred but potential for unexpected equipment start-up / stored energy release was high.,0,1,0.522,Energy Isolation,['Energy Isolation'],Electrical Maintenance,Inadequate Supervision
RPT-00547,2025-07-01,Jorajan Pipeline ROW,Near-Miss,hot work / welding near flammable storage,Near-Miss raised at Jorajan Pipeline ROW: worker engaged in hot work / welding near flammable storage without following procedure - PPE (harness/gloves/goggles) not worn correctly.,1,1,0.787,Hot Work,"['Hot Work', 'Working at Height']",Hot Work,PPE Non-Compliance
RPT-00548,2025-03-26,Barekuri Well Pad,UC,excavation near buried pipeline,"During excavation near buried pipeline at Barekuri Well Pad, it was observed that equipment inspection overdue / defective tool used. This created a direct exposure to being struck by moving/falling/suspended object.",1,0,0.317,Line of Fire,['Line of Fire'],Excavation,Defective Equipment
RPT-00549,2025-03-03,Numaligarh Terminal,UA,housekeeping / material storage,Field audit at Numaligarh Terminal identified housekeeping / material storage where communication breakdown between crew and control room. No injury occurred but potential for loss of critical safety function was high.,0,0,0.105,Unclassified,[],Inspection / Housekeeping,Communication Failure
RPT-00550,2025-01-24,Moran GGS,Near-Miss,electrical panel maintenance,"During electrical panel maintenance at Moran GGS, it was observed that isolation point not verified with lock and tag. This created a direct exposure to unexpected equipment start-up / stored energy release.",0,1,0.822,Energy Isolation,['Energy Isolation'],Electrical Maintenance,Isolation Not Verified
RPT-00551,2025-03-10,Lakwa Gas Plant,UC,hot work / welding near flammable storage,Field audit at Lakwa Gas Plant identified hot work / welding near flammable storage where toolbox talk / risk assessment not conducted. No injury occurred but potential for fire or explosion in presence of flammable atmosphere was high.,0,0,0.461,Hot Work,['Hot Work'],Hot Work,Risk Assessment Skipped
RPT-00552,2025-09-05,Duliajan Field,UC,excavation near buried pipeline,"Observation (UC) at Duliajan Field - excavation near buried pipeline in progress, however permit to work not issued before starting job, increasing risk of being struck by moving/falling/suspended object.",0,0,0.288,Line of Fire,"['Line of Fire', 'Work Authorization']",Excavation,Permit Not Issued
RPT-00553,2025-12-03,Numaligarh Terminal,UA,housekeeping / material storage,UA raised at Numaligarh Terminal: worker engaged in housekeeping / material storage without following procedure - no lifting plan / unqualified rigger used.,0,0,0.471,Safe Mechanical Lifting,['Safe Mechanical Lifting'],Inspection / Housekeeping,Permit Not Issued
RPT-00554,2025-12-21,Lakwa Gas Plant,Incident,energy isolation / LOTO on pump,"Observation (Incident) at Lakwa Gas Plant - energy isolation / LOTO on pump in progress, however equipment inspection overdue / defective tool used, increasing risk of unexpected equipment start-up / stored energy release.",0,1,0.528,Energy Isolation,['Energy Isolation'],Energy Isolation / LOTO,Defective Equipment
RPT-00555,2025-03-12,Barekuri Well Pad,Incident,line of fire during pipe fitting removal,"Observation (Incident) at Barekuri Well Pad - line of fire during pipe fitting removal in progress, however supervision inadequate for high-risk task, increasing risk of being struck by moving/falling/suspended object.",0,0,0.231,Line of Fire,['Line of Fire'],Line of Fire Exposure,Inadequate Supervision
RPT-00556,2025-12-31,Lakwa Gas Plant,UA,housekeeping / material storage,Field audit at Lakwa Gas Plant identified housekeeping / material storage where equipment inspection overdue / defective tool used. No injury occurred but potential for loss of critical safety function was high.,0,0,0.214,Unclassified,[],Inspection / Housekeeping,Defective Equipment
RPT-00557,2025-12-18,Duliajan Workshop,UA,routine equipment inspection round,Field audit at Duliajan Workshop identified routine equipment inspection round where isolation point not verified with lock and tag. No injury occurred but potential for uncontrolled/unauthorized simultaneous operations was high.,0,0,0.222,Energy Isolation,"['Energy Isolation', 'Work Authorization']",Inspection / Housekeeping,Isolation Not Verified
RPT-00558,2025-06-30,Numaligarh Terminal,UC,housekeeping / material storage,"While conducting housekeeping / material storage, a uc occurred at Numaligarh Terminal because gas test not performed before entry.",0,0,0.461,Confined Space,['Confined Space'],Inspection / Housekeeping,Gas Test Skipped
RPT-00559,2025-10-01,Jorajan Pipeline ROW,Incident,vehicle movement in loading bay,"Observation (Incident) at Jorajan Pipeline ROW - vehicle movement in loading bay in progress, however no lifting plan / unqualified rigger used, increasing risk of vehicle collision.",0,0,0.323,Safe Mechanical Lifting,"['Safe Mechanical Lifting', 'Driving Safety']",Driving / Vehicle Movement,Permit Not Issued
RPT-00560,2025-12-10,Naharkatiya Tank Farm,UA,working at height on scaffolding,"Observation (UA) at Naharkatiya Tank Farm - working at height on scaffolding in progress, however equipment inspection overdue / defective tool used, increasing risk of fall from height.",1,1,0.62,Working at Height,['Working at Height'],Working at Height,Defective Equipment
RPT-00561,2025-02-01,Moran GGS,Incident,driving light vehicle on site road,"While conducting driving light vehicle on site road, a incident occurred at Moran GGS because gas test not performed before entry.",0,0,0.211,Driving Safety,"['Driving Safety', 'Confined Space']",Driving / Vehicle Movement,Gas Test Skipped
RPT-00562,2025-12-12,Barekuri Well Pad,UA,manual lifting with mobile crane,"Observation (UA) at Barekuri Well Pad - manual lifting with mobile crane in progress, however equipment inspection overdue / defective tool used, increasing risk of dropped load / crane failure.",1,1,0.533,Safe Mechanical Lifting,['Safe Mechanical Lifting'],Mechanical Lifting,PPE Non-Compliance
RPT-00563,2025-12-23,Duliajan Workshop,UC,manual lifting with mobile crane,Field audit at Duliajan Workshop identified manual lifting with mobile crane where equipment inspection overdue / defective tool used. No injury occurred but potential for dropped load / crane failure was high.,0,0,0.465,Safe Mechanical Lifting,['Safe Mechanical Lifting'],Mechanical Lifting,PPE Non-Compliance
RPT-00564,2025-01-28,Duliajan Field,UC,line of fire during pipe fitting removal,"While conducting line of fire during pipe fitting removal, a uc occurred at Duliajan Field because communication breakdown between crew and control room.",0,0,0.264,Line of Fire,['Line of Fire'],Line of Fire Exposure,Communication Failure
RPT-00565,2025-11-21,Barekuri Well Pad,Incident,manual lifting with mobile crane,"Observation (Incident) at Barekuri Well Pad - manual lifting with mobile crane in progress, however no lifting plan / unqualified rigger used, increasing risk of dropped load / crane failure.",0,1,0.703,Safe Mechanical Lifting,['Safe Mechanical Lifting'],Mechanical Lifting,Permit Not Issued
RPT-00566,2025-04-10,Kumchai Compressor Station,Near-Miss,vehicle movement in loading bay,Near-Miss raised at Kumchai Compressor Station: worker engaged in vehicle movement in loading bay without following procedure - equipment inspection overdue / defective tool used.,0,0,0.219,Driving Safety,['Driving Safety'],Driving / Vehicle Movement,Defective Equipment
RPT-00567,2025-03-03,Jorajan Pipeline ROW,UA,confined space entry into storage tank,UA raised at Jorajan Pipeline ROW: worker engaged in confined space entry into storage tank without following procedure - PPE (harness/gloves/goggles) not worn correctly.,1,1,0.705,Confined Space,"['Confined Space', 'Working at Height']",Confined Space Entry,PPE Non-Compliance
RPT-00568,2025-05-11,Duliajan Field,UC,line of fire during pipe fitting removal,UC raised at Duliajan Field: worker engaged in line of fire during pipe fitting removal without following procedure - barricade/warning signage missing at work area.,1,0,0.442,Line of Fire,['Line of Fire'],Line of Fire Exposure,Barricade/Signage Missing
RPT-00569,2025-11-17,Kumchai Compressor Station,UA,electrical panel maintenance,"While conducting electrical panel maintenance, a ua occurred at Kumchai Compressor Station because gas test not performed before entry.",1,1,0.707,Confined Space,['Confined Space'],Electrical Maintenance,Gas Test Skipped
RPT-00570,2025-06-12,Barekuri Well Pad,UC,electrical panel maintenance,"During electrical panel maintenance at Barekuri Well Pad, it was observed that no lifting plan / unqualified rigger used. This created a direct exposure to unexpected equipment start-up / stored energy release.",0,1,0.843,Safe Mechanical Lifting,"['Safe Mechanical Lifting', 'Energy Isolation']",Electrical Maintenance,Permit Not Issued
RPT-00571,2025-10-06,Moran GGS,UA,confined space entry into storage tank,Field audit at Moran GGS identified confined space entry into storage tank where equipment inspection overdue / defective tool used. No injury occurred but potential for asphyxiation or toxic gas exposure was high.,1,1,0.66,Confined Space,['Confined Space'],Confined Space Entry,Defective Equipment
RPT-00572,2025-06-19,Naharkatiya Tank Farm,UA,hot work / welding near flammable storage,UA raised at Naharkatiya Tank Farm: worker engaged in hot work / welding near flammable storage without following procedure - supervision inadequate for high-risk task.,0,0,0.458,Hot Work,['Hot Work'],Hot Work,Inadequate Supervision
RPT-00573,2025-11-29,Barekuri Well Pad,UC,manual lifting with mobile crane,Field audit at Barekuri Well Pad identified manual lifting with mobile crane where no lifting plan / unqualified rigger used. No injury occurred but potential for dropped load / crane failure was high.,0,1,0.715,Safe Mechanical Lifting,['Safe Mechanical Lifting'],Mechanical Lifting,Permit Not Issued
RPT-00574,2025-05-05,Digboi Refinery,UC,routine equipment inspection round,Field audit at Digboi Refinery identified routine equipment inspection round where supervision inadequate for high-risk task. No injury occurred but potential for uncontrolled/unauthorized simultaneous operations was high.,0,0,0.106,Work Authorization,['Work Authorization'],Inspection / Housekeeping,Inadequate Supervision
RPT-00575,2025-01-13,Kumchai Compressor Station,UC,line of fire during pipe fitting removal,Field audit at Kumchai Compressor Station identified line of fire during pipe fitting removal where PPE (harness/gloves/goggles) not worn correctly. No injury occurred but potential for being struck by moving/falling/suspended object was high.,1,1,0.707,Line of Fire,"['Line of Fire', 'Working at Height']",Line of Fire Exposure,PPE Non-Compliance
RPT-00576,2025-11-30,Kumchai Compressor Station,UC,excavation near buried pipeline,"During excavation near buried pipeline at Kumchai Compressor Station, it was observed that equipment inspection overdue / defective tool used. This created a direct exposure to being struck by moving/falling/suspended object.",0,0,0.342,Line of Fire,['Line of Fire'],Excavation,Defective Equipment
RPT-00577,2025-10-03,Kumchai Compressor Station,Incident,excavation near buried pipeline,Incident raised at Kumchai Compressor Station: worker engaged in excavation near buried pipeline without following procedure - PPE (harness/gloves/goggles) not worn correctly.,0,0,0.359,Working at Height,['Working at Height'],Excavation,PPE Non-Compliance
RPT-00578,2025-08-06,Duliajan Field,UA,routine equipment inspection round,UA raised at Duliajan Field: worker engaged in routine equipment inspection round without following procedure - PPE (harness/gloves/goggles) not worn correctly.,0,0,0.404,Working at Height,['Working at Height'],Inspection / Housekeeping,PPE Non-Compliance
RPT-00579,2025-03-20,Moran GGS,UC,excavation near buried pipeline,"During excavation near buried pipeline at Moran GGS, it was observed that communication breakdown between crew and control room. This created a direct exposure to being struck by moving/falling/suspended object.",0,0,0.168,Line of Fire,['Line of Fire'],Excavation,Communication Failure
RPT-00580,2025-05-09,Jorajan Pipeline ROW,UA,housekeeping / material storage,"During housekeeping / material storage at Jorajan Pipeline ROW, it was observed that supervision inadequate for high-risk task. This created a direct exposure to loss of critical safety function.",0,0,0.159,Unclassified,[],Inspection / Housekeeping,Inadequate Supervision
RPT-00581,2025-11-19,Digboi Refinery,Incident,vehicle movement in loading bay,"Observation (Incident) at Digboi Refinery - vehicle movement in loading bay in progress, however isolation point not verified with lock and tag, increasing risk of vehicle collision.",0,0,0.293,Energy Isolation,"['Energy Isolation', 'Driving Safety']",Driving / Vehicle Movement,Isolation Not Verified
RPT-00582,2025-11-25,Naharkatiya Tank Farm,UC,energy isolation / LOTO on pump,"During energy isolation / LOTO on pump at Naharkatiya Tank Farm, it was observed that permit to work not issued before starting job. This created a direct exposure to unexpected equipment start-up / stored energy release.",1,1,0.733,Energy Isolation,"['Energy Isolation', 'Work Authorization']",Energy Isolation / LOTO,Permit Not Issued
RPT-00583,2025-09-15,Lakwa Gas Plant,UA,hot work / welding near flammable storage,"During hot work / welding near flammable storage at Lakwa Gas Plant, it was observed that no lifting plan / unqualified rigger used. This created a direct exposure to fire or explosion in presence of flammable atmosphere.",1,1,0.824,Hot Work,"['Hot Work', 'Safe Mechanical Lifting']",Hot Work,Permit Not Issued
RPT-00584,2025-08-13,Barekuri Well Pad,UC,routine equipment inspection round,"While conducting routine equipment inspection round, a uc occurred at Barekuri Well Pad because barricade/warning signage missing at work area.",0,0,0.082,Unclassified,[],Inspection / Housekeeping,Barricade/Signage Missing
RPT-00585,2025-07-20,Naharkatiya Tank Farm,UC,routine equipment inspection round,Field audit at Naharkatiya Tank Farm identified routine equipment inspection round where permit to work not issued before starting job. No injury occurred but potential for uncontrolled/unauthorized simultaneous operations was high.,0,0,0.277,Work Authorization,['Work Authorization'],Inspection / Housekeeping,Permit Not Issued
RPT-00586,2025-01-06,Barekuri Well Pad,UA,routine equipment inspection round,"While conducting routine equipment inspection round, a ua occurred at Barekuri Well Pad because gas test not performed before entry.",0,0,0.268,Confined Space,['Confined Space'],Inspection / Housekeeping,Gas Test Skipped
RPT-00587,2025-10-03,Duliajan Workshop,UA,confined space entry into storage tank,Field audit at Duliajan Workshop identified confined space entry into storage tank where PPE (harness/gloves/goggles) not worn correctly. No injury occurred but potential for asphyxiation or toxic gas exposure was high.,1,1,0.756,Confined Space,"['Confined Space', 'Working at Height']",Confined Space Entry,PPE Non-Compliance
RPT-00588,2025-11-27,Digboi Refinery,Near-Miss,driving light vehicle on site road,"While conducting driving light vehicle on site road, a near-miss occurred at Digboi Refinery because isolation point not verified with lock and tag.",0,0,0.25,Driving Safety,"['Driving Safety', 'Energy Isolation']",Driving / Vehicle Movement,Isolation Not Verified
RPT-00589,2025-04-03,Numaligarh Terminal,UA,confined space entry into storage tank,"While conducting confined space entry into storage tank, a ua occurred at Numaligarh Terminal because gas test not performed before entry.",1,1,0.736,Confined Space,['Confined Space'],Confined Space Entry,Gas Test Skipped
RPT-00590,2025-12-10,Lakwa Gas Plant,UC,working at height on scaffolding,Field audit at Lakwa Gas Plant identified working at height on scaffolding where equipment inspection overdue / defective tool used. No injury occurred but potential for fall from height was high.,1,1,0.69,Working at Height,['Working at Height'],Working at Height,Defective Equipment
RPT-00591,2025-07-02,Barekuri Well Pad,Near-Miss,hot work / welding near flammable storage,"Observation (Near-Miss) at Barekuri Well Pad - hot work / welding near flammable storage in progress, however isolation point not verified with lock and tag, increasing risk of fire or explosion in presence of flammable atmosphere.",0,1,0.654,Hot Work,"['Hot Work', 'Energy Isolation']",Hot Work,Isolation Not Verified
RPT-00592,2025-08-19,Moran GGS,UC,hot work / welding near flammable storage,UC raised at Moran GGS: worker engaged in hot work / welding near flammable storage without following procedure - barricade/warning signage missing at work area.,0,0,0.43,Hot Work,['Hot Work'],Hot Work,Barricade/Signage Missing
RPT-00593,2025-07-06,Lakwa Gas Plant,Near-Miss,routine equipment inspection round,Near-Miss raised at Lakwa Gas Plant: worker engaged in routine equipment inspection round without following procedure - barricade/warning signage missing at work area.,0,0,0.178,Unclassified,[],Inspection / Housekeeping,Barricade/Signage Missing
RPT-00594,2025-11-25,Naharkatiya Tank Farm,UA,confined space entry into storage tank,UA raised at Naharkatiya Tank Farm: worker engaged in confined space entry into storage tank without following procedure - permit to work not issued before starting job.,1,1,0.669,Confined Space,"['Confined Space', 'Work Authorization']",Confined Space Entry,Permit Not Issued
RPT-00595,2025-08-25,Barekuri Well Pad,Near-Miss,energy isolation / LOTO on pump,"While conducting energy isolation / LOTO on pump, a near-miss occurred at Barekuri Well Pad because gas test not performed before entry.",0,1,0.676,Energy Isolation,"['Energy Isolation', 'Confined Space']",Energy Isolation / LOTO,Gas Test Skipped
RPT-00596,2025-02-11,Kumchai Compressor Station,UC,driving light vehicle on site road,UC raised at Kumchai Compressor Station: worker engaged in driving light vehicle on site road without following procedure - toolbox talk / risk assessment not conducted.,0,0,0.1,Driving Safety,['Driving Safety'],Driving / Vehicle Movement,Risk Assessment Skipped
RPT-00597,2025-01-10,Numaligarh Terminal,UA,excavation near buried pipeline,"During excavation near buried pipeline at Numaligarh Terminal, it was observed that isolation point not verified with lock and tag. This created a direct exposure to being struck by moving/falling/suspended object.",0,0,0.488,Energy Isolation,"['Energy Isolation', 'Line of Fire']",Excavation,Isolation Not Verified
RPT-00598,2025-01-19,Duliajan Field,UC,vehicle movement in loading bay,Field audit at Duliajan Field identified vehicle movement in loading bay where no lifting plan / unqualified rigger used. No injury occurred but potential for vehicle collision was high.,0,0,0.324,Safe Mechanical Lifting,"['Safe Mechanical Lifting', 'Driving Safety']",Driving / Vehicle Movement,Permit Not Issued
RPT-00599,2025-04-25,Barekuri Well Pad,UC,excavation near buried pipeline,UC raised at Barekuri Well Pad: worker engaged in excavation near buried pipeline without following procedure - equipment inspection overdue / defective tool used.,0,0,0.246,Unclassified,[],Excavation,Defective Equipment
RPT-00600,2025-09-15,Barekuri Well Pad,UC,confined space entry into storage tank,"During confined space entry into storage tank at Barekuri Well Pad, it was observed that toolbox talk / risk assessment not conducted. This created a direct exposure to asphyxiation or toxic gas exposure.",0,0,0.437,Confined Space,['Confined Space'],Confined Space Entry,Risk Assessment Skipped
RPT-00601,2025-04-02,Moran GGS,Near-Miss,vehicle movement in loading bay,Near-Miss raised at Moran GGS: worker engaged in vehicle movement in loading bay without following procedure - gas test not performed before entry.,0,0,0.427,Confined Space,"['Confined Space', 'Driving Safety']",Driving / Vehicle Movement,Gas Test Skipped
RPT-00602,2025-01-21,Lakwa Gas Plant,Near-Miss,routine equipment inspection round,"Observation (Near-Miss) at Lakwa Gas Plant - routine equipment inspection round in progress, however gas test not performed before entry, increasing risk of uncontrolled/unauthorized simultaneous operations.",0,0,0.251,Confined Space,"['Confined Space', 'Work Authorization']",Inspection / Housekeeping,Gas Test Skipped
RPT-00603,2025-04-16,Jorajan Pipeline ROW,UA,manual lifting with mobile crane,UA raised at Jorajan Pipeline ROW: worker engaged in manual lifting with mobile crane without following procedure - PPE (harness/gloves/goggles) not worn correctly.,1,1,0.681,Safe Mechanical Lifting,"['Safe Mechanical Lifting', 'Working at Height']",Mechanical Lifting,PPE Non-Compliance
RPT-00604,2025-11-29,Kumchai Compressor Station,Incident,line of fire during pipe fitting removal,"During line of fire during pipe fitting removal at Kumchai Compressor Station, it was observed that toolbox talk / risk assessment not conducted. This created a direct exposure to being struck by moving/falling/suspended object.",1,0,0.483,Line of Fire,['Line of Fire'],Line of Fire Exposure,Risk Assessment Skipped
RPT-00605,2025-05-15,Digboi Refinery,UC,housekeeping / material storage,"While conducting housekeeping / material storage, a uc occurred at Digboi Refinery because equipment inspection overdue / defective tool used.",0,0,0.163,Unclassified,[],Inspection / Housekeeping,Defective Equipment
RPT-00606,2025-12-01,Duliajan Workshop,UC,vehicle movement in loading bay,"Observation (UC) at Duliajan Workshop - vehicle movement in loading bay in progress, however gas test not performed before entry, increasing risk of vehicle collision.",0,0,0.267,Confined Space,"['Confined Space', 'Driving Safety']",Driving / Vehicle Movement,Gas Test Skipped
RPT-00607,2025-06-30,Duliajan Workshop,Incident,driving light vehicle on site road,Incident raised at Duliajan Workshop: worker engaged in driving light vehicle on site road without following procedure - communication breakdown between crew and control room.,0,0,0.063,Driving Safety,['Driving Safety'],Driving / Vehicle Movement,Communication Failure
RPT-00608,2025-04-28,Jorajan Pipeline ROW,UA,electrical panel maintenance,UA raised at Jorajan Pipeline ROW: worker engaged in electrical panel maintenance without following procedure - no lifting plan / unqualified rigger used.,1,1,0.84,Safe Mechanical Lifting,['Safe Mechanical Lifting'],Electrical Maintenance,Permit Not Issued
RPT-00609,2025-11-05,Duliajan Workshop,UA,routine equipment inspection round,UA raised at Duliajan Workshop: worker engaged in routine equipment inspection round without following procedure - barricade/warning signage missing at work area.,0,0,0.083,Unclassified,[],Inspection / Housekeeping,Barricade/Signage Missing
RPT-00610,2025-09-04,Digboi Refinery,UC,routine equipment inspection round,"While conducting routine equipment inspection round, a uc occurred at Digboi Refinery because isolation point not verified with lock and tag.",0,0,0.298,Energy Isolation,['Energy Isolation'],Inspection / Housekeeping,Isolation Not Verified
RPT-00611,2025-01-23,Jorajan Pipeline ROW,UC,electrical panel maintenance,"Observation (UC) at Jorajan Pipeline ROW - electrical panel maintenance in progress, however isolation point not verified with lock and tag, increasing risk of unexpected equipment start-up / stored energy release.",1,1,0.774,Energy Isolation,['Energy Isolation'],Electrical Maintenance,Isolation Not Verified
RPT-00612,2025-10-21,Lakwa Gas Plant,UA,vehicle movement in loading bay,Field audit at Lakwa Gas Plant identified vehicle movement in loading bay where gas test not performed before entry. No injury occurred but potential for vehicle collision was high.,1,0,0.395,Confined Space,"['Confined Space', 'Driving Safety']",Driving / Vehicle Movement,Gas Test Skipped
RPT-00613,2025-11-03,Duliajan Field,Incident,confined space entry into storage tank,Field audit at Duliajan Field identified confined space entry into storage tank where barricade/warning signage missing at work area. No injury occurred but potential for asphyxiation or toxic gas exposure was high.,0,0,0.456,Confined Space,['Confined Space'],Confined Space Entry,Barricade/Signage Missing
RPT-00614,2025-08-30,Duliajan Field,Incident,housekeeping / material storage,Incident raised at Duliajan Field: worker engaged in housekeeping / material storage without following procedure - barricade/warning signage missing at work area.,0,0,0.107,Unclassified,[],Inspection / Housekeeping,Barricade/Signage Missing
RPT-00615,2025-04-04,Numaligarh Terminal,UC,manual lifting with mobile crane,Field audit at Numaligarh Terminal identified manual lifting with mobile crane where communication breakdown between crew and control room. No injury occurred but potential for dropped load / crane failure was high.,0,0,0.4,Safe Mechanical Lifting,['Safe Mechanical Lifting'],Mechanical Lifting,PPE Non-Compliance
RPT-00616,2025-11-02,Duliajan Workshop,Near-Miss,driving light vehicle on site road,"While conducting driving light vehicle on site road, a near-miss occurred at Duliajan Workshop because gas test not performed before entry.",0,0,0.165,Driving Safety,"['Driving Safety', 'Confined Space']",Driving / Vehicle Movement,Gas Test Skipped
RPT-00617,2025-09-25,Digboi Refinery,UC,manual lifting with mobile crane,"During manual lifting with mobile crane at Digboi Refinery, it was observed that communication breakdown between crew and control room. This created a direct exposure to dropped load / crane failure.",1,0,0.457,Safe Mechanical Lifting,['Safe Mechanical Lifting'],Mechanical Lifting,PPE Non-Compliance
RPT-00618,2025-11-04,Naharkatiya Tank Farm,UA,confined space entry into storage tank,"Observation (UA) at Naharkatiya Tank Farm - confined space entry into storage tank in progress, however no lifting plan / unqualified rigger used, increasing risk of asphyxiation or toxic gas exposure.",0,1,0.715,Safe Mechanical Lifting,"['Safe Mechanical Lifting', 'Confined Space']",Confined Space Entry,Permit Not Issued
RPT-00619,2025-10-04,Duliajan Workshop,UA,excavation near buried pipeline,UA raised at Duliajan Workshop: worker engaged in excavation near buried pipeline without following procedure - PPE (harness/gloves/goggles) not worn correctly.,0,0,0.326,Working at Height,['Working at Height'],Excavation,PPE Non-Compliance
RPT-00620,2025-08-08,Naharkatiya Tank Farm,UC,excavation near buried pipeline,"During excavation near buried pipeline at Naharkatiya Tank Farm, it was observed that communication breakdown between crew and control room. This created a direct exposure to being struck by moving/falling/suspended object.",0,0,0.176,Line of Fire,['Line of Fire'],Excavation,Communication Failure
RPT-00621,2025-03-10,Jorajan Pipeline ROW,UC,line of fire during pipe fitting removal,Field audit at Jorajan Pipeline ROW identified line of fire during pipe fitting removal where supervision inadequate for high-risk task. No injury occurred but potential for being struck by moving/falling/suspended object was high.,1,0,0.41,Line of Fire,['Line of Fire'],Line of Fire Exposure,Inadequate Supervision
RPT-00622,2025-04-07,Jorajan Pipeline ROW,UA,manual lifting with mobile crane,Field audit at Jorajan Pipeline ROW identified manual lifting with mobile crane where PPE (harness/gloves/goggles) not worn correctly. No injury occurred but potential for dropped load / crane failure was high.,1,1,0.762,Safe Mechanical Lifting,"['Safe Mechanical Lifting', 'Working at Height']",Mechanical Lifting,PPE Non-Compliance
RPT-00623,2025-04-16,Duliajan Field,UA,vehicle movement in loading bay,"During vehicle movement in loading bay at Duliajan Field, it was observed that equipment inspection overdue / defective tool used. This created a direct exposure to vehicle collision.",0,0,0.212,Driving Safety,['Driving Safety'],Driving / Vehicle Movement,Defective Equipment
RPT-00624,2025-05-10,Kumchai Compressor Station,UA,line of fire during pipe fitting removal,"Observation (UA) at Kumchai Compressor Station - line of fire during pipe fitting removal in progress, however supervision inadequate for high-risk task, increasing risk of being struck by moving/falling/suspended object.",0,0,0.29,Line of Fire,['Line of Fire'],Line of Fire Exposure,Inadequate Supervision
RPT-00625,2025-07-23,Duliajan Workshop,UC,line of fire during pipe fitting removal,"While conducting line of fire during pipe fitting removal, a uc occurred at Duliajan Workshop because no lifting plan / unqualified rigger used.",0,1,0.642,Safe Mechanical Lifting,"['Safe Mechanical Lifting', 'Line of Fire']",Line of Fire Exposure,Permit Not Issued
RPT-00626,2025-09-05,Naharkatiya Tank Farm,UC,excavation near buried pipeline,"While conducting excavation near buried pipeline, a uc occurred at Naharkatiya Tank Farm because equipment inspection overdue / defective tool used.",0,0,0.202,Unclassified,[],Excavation,Defective Equipment
RPT-00627,2025-12-04,Barekuri Well Pad,Near-Miss,vehicle movement in loading bay,"Observation (Near-Miss) at Barekuri Well Pad - vehicle movement in loading bay in progress, however supervision inadequate for high-risk task, increasing risk of vehicle collision.",0,0,0.093,Driving Safety,['Driving Safety'],Driving / Vehicle Movement,Inadequate Supervision
RPT-00628,2025-06-23,Moran GGS,UA,electrical panel maintenance,Field audit at Moran GGS identified electrical panel maintenance where gas test not performed before entry. No injury occurred but potential for unexpected equipment start-up / stored energy release was high.,1,1,0.79,Energy Isolation,"['Energy Isolation', 'Confined Space']",Electrical Maintenance,Gas Test Skipped
RPT-00629,2025-03-16,Lakwa Gas Plant,UA,housekeeping / material storage,"During housekeeping / material storage at Lakwa Gas Plant, it was observed that permit to work not issued before starting job. This created a direct exposure to loss of critical safety function.",0,0,0.306,Work Authorization,['Work Authorization'],Inspection / Housekeeping,Permit Not Issued
RPT-00630,2025-11-08,Lakwa Gas Plant,UA,line of fire during pipe fitting removal,UA raised at Lakwa Gas Plant: worker engaged in line of fire during pipe fitting removal without following procedure - PPE (harness/gloves/goggles) not worn correctly.,1,1,0.812,Line of Fire,"['Line of Fire', 'Working at Height']",Line of Fire Exposure,PPE Non-Compliance
RPT-00631,2025-11-02,Naharkatiya Tank Farm,Near-Miss,line of fire during pipe fitting removal,"While conducting line of fire during pipe fitting removal, a near-miss occurred at Naharkatiya Tank Farm because no lifting plan / unqualified rigger used.",1,1,0.822,Safe Mechanical Lifting,"['Safe Mechanical Lifting', 'Line of Fire']",Line of Fire Exposure,Permit Not Issued
RPT-00632,2025-09-23,Numaligarh Terminal,UC,routine equipment inspection round,UC raised at Numaligarh Terminal: worker engaged in routine equipment inspection round without following procedure - toolbox talk / risk assessment not conducted.,0,0,0.17,Unclassified,[],Inspection / Housekeeping,Risk Assessment Skipped
RPT-00633,2025-12-12,Moran GGS,UC,working at height on scaffolding,UC raised at Moran GGS: worker engaged in working at height on scaffolding without following procedure - no lifting plan / unqualified rigger used.,1,1,0.853,Working at Height,"['Working at Height', 'Safe Mechanical Lifting']",Working at Height,Permit Not Issued
RPT-00634,2025-07-24,Kumchai Compressor Station,Incident,manual lifting with mobile crane,"During manual lifting with mobile crane at Kumchai Compressor Station, it was observed that permit to work not issued before starting job. This created a direct exposure to dropped load / crane failure.",0,1,0.661,Safe Mechanical Lifting,"['Safe Mechanical Lifting', 'Work Authorization']",Mechanical Lifting,Permit Not Issued
RPT-00635,2025-02-05,Naharkatiya Tank Farm,UA,line of fire during pipe fitting removal,"During line of fire during pipe fitting removal at Naharkatiya Tank Farm, it was observed that no lifting plan / unqualified rigger used. This created a direct exposure to being struck by moving/falling/suspended object.",1,1,0.82,Line of Fire,"['Line of Fire', 'Safe Mechanical Lifting']",Line of Fire Exposure,Permit Not Issued
RPT-00636,2025-05-22,Duliajan Workshop,Incident,driving light vehicle on site road,"While conducting driving light vehicle on site road, a incident occurred at Duliajan Workshop because equipment inspection overdue / defective tool used.",0,0,0.071,Driving Safety,['Driving Safety'],Driving / Vehicle Movement,Defective Equipment
RPT-00637,2025-03-31,Lakwa Gas Plant,Incident,manual lifting with mobile crane,Field audit at Lakwa Gas Plant identified manual lifting with mobile crane where toolbox talk / risk assessment not conducted. No injury occurred but potential for dropped load / crane failure was high.,1,1,0.548,Safe Mechanical Lifting,['Safe Mechanical Lifting'],Mechanical Lifting,PPE Non-Compliance
RPT-00638,2025-03-01,Duliajan Workshop,UA,hot work / welding near flammable storage,"While conducting hot work / welding near flammable storage, a ua occurred at Duliajan Workshop because equipment inspection overdue / defective tool used.",0,0,0.346,Hot Work,['Hot Work'],Hot Work,Defective Equipment
RPT-00639,2025-10-16,Barekuri Well Pad,UA,excavation near buried pipeline,"Observation (UA) at Barekuri Well Pad - excavation near buried pipeline in progress, however no lifting plan / unqualified rigger used, increasing risk of being struck by moving/falling/suspended object.",0,0,0.339,Safe Mechanical Lifting,"['Safe Mechanical Lifting', 'Line of Fire']",Excavation,Permit Not Issued
RPT-00640,2025-09-04,Moran GGS,Near-Miss,energy isolation / LOTO on pump,Field audit at Moran GGS identified energy isolation / LOTO on pump where toolbox talk / risk assessment not conducted. No injury occurred but potential for unexpected equipment start-up / stored energy release was high.,0,1,0.505,Energy Isolation,['Energy Isolation'],Energy Isolation / LOTO,Risk Assessment Skipped
RPT-00641,2025-04-28,Barekuri Well Pad,UC,hot work / welding near flammable storage,UC raised at Barekuri Well Pad: worker engaged in hot work / welding near flammable storage without following procedure - communication breakdown between crew and control room.,0,0,0.395,Hot Work,['Hot Work'],Hot Work,Communication Failure
RPT-00642,2025-02-17,Naharkatiya Tank Farm,UC,energy isolation / LOTO on pump,"While conducting energy isolation / LOTO on pump, a uc occurred at Naharkatiya Tank Farm because equipment inspection overdue / defective tool used.",1,1,0.571,Energy Isolation,['Energy Isolation'],Energy Isolation / LOTO,Defective Equipment
RPT-00643,2025-04-22,Kumchai Compressor Station,Incident,hot work / welding near flammable storage,"Observation (Incident) at Kumchai Compressor Station - hot work / welding near flammable storage in progress, however equipment inspection overdue / defective tool used, increasing risk of fire or explosion in presence of flammable atmosphere.",0,0,0.403,Hot Work,['Hot Work'],Hot Work,Defective Equipment
RPT-00644,2025-05-04,Barekuri Well Pad,UC,confined space entry into storage tank,UC raised at Barekuri Well Pad: worker engaged in confined space entry into storage tank without following procedure - isolation point not verified with lock and tag.,1,1,0.669,Energy Isolation,"['Energy Isolation', 'Confined Space']",Confined Space Entry,Isolation Not Verified
RPT-00645,2025-02-24,Moran GGS,Near-Miss,manual lifting with mobile crane,Field audit at Moran GGS identified manual lifting with mobile crane where isolation point not verified with lock and tag. No injury occurred but potential for dropped load / crane failure was high.,1,1,0.765,Safe Mechanical Lifting,"['Safe Mechanical Lifting', 'Energy Isolation']",Mechanical Lifting,PPE Non-Compliance
RPT-00646,2025-09-04,Digboi Refinery,UC,routine equipment inspection round,Field audit at Digboi Refinery identified routine equipment inspection round where toolbox talk / risk assessment not conducted. No injury occurred but potential for uncontrolled/unauthorized simultaneous operations was high.,0,0,0.099,Work Authorization,['Work Authorization'],Inspection / Housekeeping,Risk Assessment Skipped
RPT-00647,2025-09-09,Lakwa Gas Plant,Incident,energy isolation / LOTO on pump,Field audit at Lakwa Gas Plant identified energy isolation / LOTO on pump where toolbox talk / risk assessment not conducted. No injury occurred but potential for unexpected equipment start-up / stored energy release was high.,0,1,0.538,Energy Isolation,['Energy Isolation'],Energy Isolation / LOTO,Risk Assessment Skipped
RPT-00648,2025-09-27,Duliajan Workshop,UA,driving light vehicle on site road,Field audit at Duliajan Workshop identified driving light vehicle on site road where communication breakdown between crew and control room. No injury occurred but potential for vehicle collision was high.,0,0,0.041,Driving Safety,['Driving Safety'],Driving / Vehicle Movement,Communication Failure
RPT-00649,2025-03-31,Jorajan Pipeline ROW,UC,excavation near buried pipeline,"Observation (UC) at Jorajan Pipeline ROW - excavation near buried pipeline in progress, however permit to work not issued before starting job, increasing risk of being struck by moving/falling/suspended object.",0,0,0.33,Line of Fire,"['Line of Fire', 'Work Authorization']",Excavation,Permit Not Issued
RPT-00650,2025-04-18,Digboi Refinery,UC,housekeeping / material storage,"During housekeeping / material storage at Digboi Refinery, it was observed that equipment inspection overdue / defective tool used. This created a direct exposure to loss of critical safety function.",1,0,0.257,Unclassified,[],Inspection / Housekeeping,Defective Equipment
RPT-00651,2025-05-15,Lakwa Gas Plant,UC,hot work / welding near flammable storage,"While conducting hot work / welding near flammable storage, a uc occurred at Lakwa Gas Plant because supervision inadequate for high-risk task.",1,1,0.517,Hot Work,['Hot Work'],Hot Work,Inadequate Supervision
RPT-00652,2025-04-18,Barekuri Well Pad,UA,electrical panel maintenance,UA raised at Barekuri Well Pad: worker engaged in electrical panel maintenance without following procedure - no lifting plan / unqualified rigger used.,1,1,0.813,Safe Mechanical Lifting,['Safe Mechanical Lifting'],Electrical Maintenance,Permit Not Issued
RPT-00653,2025-10-22,Kumchai Compressor Station,UA,energy isolation / LOTO on pump,UA raised at Kumchai Compressor Station: worker engaged in energy isolation / LOTO on pump without following procedure - communication breakdown between crew and control room.,0,0,0.308,Energy Isolation,['Energy Isolation'],Energy Isolation / LOTO,Communication Failure
RPT-00654,2025-07-15,Moran GGS,Near-Miss,hot work / welding near flammable storage,Field audit at Moran GGS identified hot work / welding near flammable storage where barricade/warning signage missing at work area. No injury occurred but potential for fire or explosion in presence of flammable atmosphere was high.,0,0,0.365,Hot Work,['Hot Work'],Hot Work,Barricade/Signage Missing
RPT-00655,2025-09-13,Numaligarh Terminal,UC,housekeeping / material storage,"During housekeeping / material storage at Numaligarh Terminal, it was observed that gas test not performed before entry. This created a direct exposure to loss of critical safety function.",0,0,0.36,Confined Space,['Confined Space'],Inspection / Housekeeping,Gas Test Skipped
RPT-00656,2025-10-18,Duliajan Workshop,Near-Miss,excavation near buried pipeline,"While conducting excavation near buried pipeline, a near-miss occurred at Duliajan Workshop because supervision inadequate for high-risk task.",0,0,0.086,Unclassified,[],Excavation,Inadequate Supervision
RPT-00657,2025-11-19,Naharkatiya Tank Farm,UA,hot work / welding near flammable storage,"While conducting hot work / welding near flammable storage, a ua occurred at Naharkatiya Tank Farm because gas test not performed before entry.",1,1,0.721,Hot Work,"['Hot Work', 'Confined Space']",Hot Work,Gas Test Skipped
RPT-00658,2025-05-12,Jorajan Pipeline ROW,UA,housekeeping / material storage,"While conducting housekeeping / material storage, a ua occurred at Jorajan Pipeline ROW because supervision inadequate for high-risk task.",0,0,0.117,Unclassified,[],Inspection / Housekeeping,Inadequate Supervision
RPT-00659,2025-10-22,Duliajan Field,UC,line of fire during pipe fitting removal,Field audit at Duliajan Field identified line of fire during pipe fitting removal where PPE (harness/gloves/goggles) not worn correctly. No injury occurred but potential for being struck by moving/falling/suspended object was high.,1,1,0.699,Line of Fire,"['Line of Fire', 'Working at Height']",Line of Fire Exposure,PPE Non-Compliance
RPT-00660,2025-08-17,Duliajan Workshop,UC,confined space entry into storage tank,Field audit at Duliajan Workshop identified confined space entry into storage tank where barricade/warning signage missing at work area. No injury occurred but potential for asphyxiation or toxic gas exposure was high.,0,0,0.403,Confined Space,['Confined Space'],Confined Space Entry,Barricade/Signage Missing
RPT-00661,2025-11-24,Naharkatiya Tank Farm,UC,vehicle movement in loading bay,UC raised at Naharkatiya Tank Farm: worker engaged in vehicle movement in loading bay without following procedure - barricade/warning signage missing at work area.,0,0,0.171,Driving Safety,['Driving Safety'],Driving / Vehicle Movement,Barricade/Signage Missing
RPT-00662,2025-06-25,Naharkatiya Tank Farm,UC,routine equipment inspection round,"During routine equipment inspection round at Naharkatiya Tank Farm, it was observed that no lifting plan / unqualified rigger used. This created a direct exposure to uncontrolled/unauthorized simultaneous operations.",0,0,0.418,Safe Mechanical Lifting,"['Safe Mechanical Lifting', 'Work Authorization']",Inspection / Housekeeping,Permit Not Issued
RPT-00663,2025-05-19,Kumchai Compressor Station,Near-Miss,energy isolation / LOTO on pump,Field audit at Kumchai Compressor Station identified energy isolation / LOTO on pump where barricade/warning signage missing at work area. No injury occurred but potential for unexpected equipment start-up / stored energy release was high.,0,0,0.387,Energy Isolation,['Energy Isolation'],Energy Isolation / LOTO,Barricade/Signage Missing
RPT-00664,2025-04-05,Kumchai Compressor Station,UC,housekeeping / material storage,"Observation (UC) at Kumchai Compressor Station - housekeeping / material storage in progress, however no lifting plan / unqualified rigger used, increasing risk of loss of critical safety function.",0,0,0.379,Safe Mechanical Lifting,['Safe Mechanical Lifting'],Inspection / Housekeeping,Permit Not Issued
RPT-00665,2025-07-23,Numaligarh Terminal,Near-Miss,housekeeping / material storage,"During housekeeping / material storage at Numaligarh Terminal, it was observed that isolation point not verified with lock and tag. This created a direct exposure to loss of critical safety function.",0,0,0.365,Energy Isolation,['Energy Isolation'],Inspection / Housekeeping,Isolation Not Verified
RPT-00666,2025-09-26,Digboi Refinery,UC,hot work / welding near flammable storage,"During hot work / welding near flammable storage at Digboi Refinery, it was observed that toolbox talk / risk assessment not conducted. This created a direct exposure to fire or explosion in presence of flammable atmosphere.",0,0,0.48,Hot Work,['Hot Work'],Hot Work,Risk Assessment Skipped
RPT-00667,2025-05-07,Digboi Refinery,UA,driving light vehicle on site road,"Observation (UA) at Digboi Refinery - driving light vehicle on site road in progress, however no lifting plan / unqualified rigger used, increasing risk of vehicle collision.",0,0,0.216,Driving Safety,"['Driving Safety', 'Safe Mechanical Lifting']",Driving / Vehicle Movement,Permit Not Issued
RPT-00668,2025-12-06,Barekuri Well Pad,UA,electrical panel maintenance,UA raised at Barekuri Well Pad: worker engaged in electrical panel maintenance without following procedure - gas test not performed before entry.,1,1,0.741,Confined Space,['Confined Space'],Electrical Maintenance,Gas Test Skipped
RPT-00669,2025-10-08,Kumchai Compressor Station,Incident,electrical panel maintenance,Field audit at Kumchai Compressor Station identified electrical panel maintenance where toolbox talk / risk assessment not conducted. No injury occurred but potential for unexpected equipment start-up / stored energy release was high.,0,0,0.495,Energy Isolation,['Energy Isolation'],Electrical Maintenance,Risk Assessment Skipped
RPT-00670,2025-11-22,Numaligarh Terminal,UA,housekeeping / material storage,Field audit at Numaligarh Terminal identified housekeeping / material storage where equipment inspection overdue / defective tool used. No injury occurred but potential for loss of critical safety function was high.,0,0,0.169,Unclassified,[],Inspection / Housekeeping,Defective Equipment
RPT-00671,2025-04-27,Naharkatiya Tank Farm,UA,excavation near buried pipeline,"While conducting excavation near buried pipeline, a ua occurred at Naharkatiya Tank Farm because equipment inspection overdue / defective tool used.",0,0,0.204,Unclassified,[],Excavation,Defective Equipment
RPT-00672,2025-01-01,Jorajan Pipeline ROW,UC,driving light vehicle on site road,UC raised at Jorajan Pipeline ROW: worker engaged in driving light vehicle on site road without following procedure - supervision inadequate for high-risk task.,0,0,0.152,Driving Safety,['Driving Safety'],Driving / Vehicle Movement,Inadequate Supervision
RPT-00673,2025-09-09,Numaligarh Terminal,UC,energy isolation / LOTO on pump,"During energy isolation / LOTO on pump at Numaligarh Terminal, it was observed that barricade/warning signage missing at work area. This created a direct exposure to unexpected equipment start-up / stored energy release.",0,1,0.535,Energy Isolation,['Energy Isolation'],Energy Isolation / LOTO,Barricade/Signage Missing
RPT-00674,2025-01-04,Barekuri Well Pad,Near-Miss,working at height on scaffolding,Field audit at Barekuri Well Pad identified working at height on scaffolding where communication breakdown between crew and control room. No injury occurred but potential for fall from height was high.,1,0,0.458,Working at Height,['Working at Height'],Working at Height,Communication Failure
RPT-00675,2025-03-25,Kumchai Compressor Station,Incident,manual lifting with mobile crane,"Observation (Incident) at Kumchai Compressor Station - manual lifting with mobile crane in progress, however communication breakdown between crew and control room, increasing risk of dropped load / crane failure.",0,0,0.334,Safe Mechanical Lifting,['Safe Mechanical Lifting'],Mechanical Lifting,PPE Non-Compliance
RPT-00676,2025-09-22,Naharkatiya Tank Farm,UA,line of fire during pipe fitting removal,"Observation (UA) at Naharkatiya Tank Farm - line of fire during pipe fitting removal in progress, however isolation point not verified with lock and tag, increasing risk of being struck by moving/falling/suspended object.",1,1,0.647,Line of Fire,"['Line of Fire', 'Energy Isolation']",Line of Fire Exposure,Isolation Not Verified
RPT-00677,2025-02-05,Barekuri Well Pad,Near-Miss,driving light vehicle on site road,"Observation (Near-Miss) at Barekuri Well Pad - driving light vehicle on site road in progress, however equipment inspection overdue / defective tool used, increasing risk of vehicle collision.",0,0,0.083,Driving Safety,['Driving Safety'],Driving / Vehicle Movement,Defective Equipment
RPT-00678,2025-12-25,Numaligarh Terminal,UC,driving light vehicle on site road,Field audit at Numaligarh Terminal identified driving light vehicle on site road where PPE (harness/gloves/goggles) not worn correctly. No injury occurred but potential for vehicle collision was high.,0,0,0.23,Driving Safety,"['Driving Safety', 'Working at Height']",Driving / Vehicle Movement,PPE Non-Compliance
RPT-00679,2025-01-12,Jorajan Pipeline ROW,UA,manual lifting with mobile crane,"During manual lifting with mobile crane at Jorajan Pipeline ROW, it was observed that supervision inadequate for high-risk task. This created a direct exposure to dropped load / crane failure.",0,1,0.547,Safe Mechanical Lifting,['Safe Mechanical Lifting'],Mechanical Lifting,PPE Non-Compliance
RPT-00680,2025-04-30,Digboi Refinery,UA,driving light vehicle on site road,"Observation (UA) at Digboi Refinery - driving light vehicle on site road in progress, however barricade/warning signage missing at work area, increasing risk of vehicle collision.",0,0,0.053,Driving Safety,['Driving Safety'],Driving / Vehicle Movement,Barricade/Signage Missing
RPT-00681,2025-09-13,Numaligarh Terminal,UA,working at height on scaffolding,"Observation (UA) at Numaligarh Terminal - working at height on scaffolding in progress, however toolbox talk / risk assessment not conducted, increasing risk of fall from height.",0,1,0.52,Working at Height,['Working at Height'],Working at Height,Risk Assessment Skipped
RPT-00682,2025-07-20,Jorajan Pipeline ROW,UA,housekeeping / material storage,UA raised at Jorajan Pipeline ROW: worker engaged in housekeeping / material storage without following procedure - permit to work not issued before starting job.,0,0,0.399,Work Authorization,['Work Authorization'],Inspection / Housekeeping,Permit Not Issued
RPT-00683,2025-01-07,Duliajan Workshop,UA,electrical panel maintenance,"While conducting electrical panel maintenance, a ua occurred at Duliajan Workshop because gas test not performed before entry.",0,1,0.612,Confined Space,['Confined Space'],Electrical Maintenance,Gas Test Skipped
RPT-00684,2025-02-18,Moran GGS,UA,line of fire during pipe fitting removal,"During line of fire during pipe fitting removal at Moran GGS, it was observed that toolbox talk / risk assessment not conducted. This created a direct exposure to being struck by moving/falling/suspended object.",1,0,0.472,Line of Fire,['Line of Fire'],Line of Fire Exposure,Risk Assessment Skipped
RPT-00685,2025-03-23,Moran GGS,Near-Miss,electrical panel maintenance,"While conducting electrical panel maintenance, a near-miss occurred at Moran GGS because communication breakdown between crew and control room.",0,0,0.329,Unclassified,[],Electrical Maintenance,Communication Failure
RPT-00686,2025-06-02,Duliajan Field,UC,housekeeping / material storage,"While conducting housekeeping / material storage, a uc occurred at Duliajan Field because equipment inspection overdue / defective tool used.",0,0,0.134,Unclassified,[],Inspection / Housekeeping,Defective Equipment
RPT-00687,2025-06-16,Kumchai Compressor Station,Incident,working at height on scaffolding,Incident raised at Kumchai Compressor Station: worker engaged in working at height on scaffolding without following procedure - isolation point not verified with lock and tag.,1,1,0.692,Working at Height,"['Working at Height', 'Energy Isolation']",Working at Height,Isolation Not Verified
RPT-00688,2025-01-22,Numaligarh Terminal,UA,driving light vehicle on site road,UA raised at Numaligarh Terminal: worker engaged in driving light vehicle on site road without following procedure - no lifting plan / unqualified rigger used.,1,0,0.393,Driving Safety,"['Driving Safety', 'Safe Mechanical Lifting']",Driving / Vehicle Movement,Permit Not Issued
RPT-00689,2025-09-13,Jorajan Pipeline ROW,UA,housekeeping / material storage,"During housekeeping / material storage at Jorajan Pipeline ROW, it was observed that no lifting plan / unqualified rigger used. This created a direct exposure to loss of critical safety function.",0,0,0.445,Safe Mechanical Lifting,['Safe Mechanical Lifting'],Inspection / Housekeeping,Permit Not Issued
RPT-00690,2025-02-24,Lakwa Gas Plant,UA,energy isolation / LOTO on pump,UA raised at Lakwa Gas Plant: worker engaged in energy isolation / LOTO on pump without following procedure - permit to work not issued before starting job.,1,1,0.765,Energy Isolation,"['Energy Isolation', 'Work Authorization']",Energy Isolation / LOTO,Permit Not Issued
RPT-00691,2025-08-13,Jorajan Pipeline ROW,Incident,manual lifting with mobile crane,"While conducting manual lifting with mobile crane, a incident occurred at Jorajan Pipeline ROW because supervision inadequate for high-risk task.",0,0,0.301,Safe Mechanical Lifting,['Safe Mechanical Lifting'],Mechanical Lifting,Inadequate Supervision
RPT-00692,2025-01-21,Moran GGS,UC,working at height on scaffolding,UC raised at Moran GGS: worker engaged in working at height on scaffolding without following procedure - communication breakdown between crew and control room.,0,0,0.457,Working at Height,['Working at Height'],Working at Height,Communication Failure
RPT-00693,2025-04-06,Jorajan Pipeline ROW,UC,excavation near buried pipeline,"Observation (UC) at Jorajan Pipeline ROW - excavation near buried pipeline in progress, however barricade/warning signage missing at work area, increasing risk of being struck by moving/falling/suspended object.",0,0,0.125,Line of Fire,['Line of Fire'],Excavation,Barricade/Signage Missing
RPT-00694,2025-10-11,Kumchai Compressor Station,UA,energy isolation / LOTO on pump,Field audit at Kumchai Compressor Station identified energy isolation / LOTO on pump where toolbox talk / risk assessment not conducted. No injury occurred but potential for unexpected equipment start-up / stored energy release was high.,0,0,0.461,Energy Isolation,['Energy Isolation'],Energy Isolation / LOTO,Risk Assessment Skipped
RPT-00695,2025-08-21,Digboi Refinery,UC,excavation near buried pipeline,"While conducting excavation near buried pipeline, a uc occurred at Digboi Refinery because gas test not performed before entry.",0,0,0.307,Confined Space,['Confined Space'],Excavation,Gas Test Skipped
RPT-00696,2025-11-14,Duliajan Workshop,Incident,line of fire during pipe fitting removal,Field audit at Duliajan Workshop identified line of fire during pipe fitting removal where gas test not performed before entry. No injury occurred but potential for being struck by moving/falling/suspended object was high.,0,1,0.621,Line of Fire,"['Line of Fire', 'Confined Space']",Line of Fire Exposure,Gas Test Skipped
RPT-00697,2025-04-08,Kumchai Compressor Station,Near-Miss,housekeeping / material storage,Field audit at Kumchai Compressor Station identified housekeeping / material storage where PPE (harness/gloves/goggles) not worn correctly. No injury occurred but potential for loss of critical safety function was high.,0,0,0.344,Working at Height,['Working at Height'],Inspection / Housekeeping,PPE Non-Compliance
RPT-00698,2025-06-14,Jorajan Pipeline ROW,UC,excavation near buried pipeline,"While conducting excavation near buried pipeline, a uc occurred at Jorajan Pipeline ROW because gas test not performed before entry.",0,0,0.367,Confined Space,['Confined Space'],Excavation,Gas Test Skipped
RPT-00699,2025-01-17,Digboi Refinery,UA,excavation near buried pipeline,UA raised at Digboi Refinery: worker engaged in excavation near buried pipeline without following procedure - PPE (harness/gloves/goggles) not worn correctly.,0,0,0.395,Working at Height,['Working at Height'],Excavation,PPE Non-Compliance
RPT-00700,2025-07-18,Digboi Refinery,UA,electrical panel maintenance,Field audit at Digboi Refinery identified electrical panel maintenance where isolation point not verified with lock and tag. No injury occurred but potential for unexpected equipment start-up / stored energy release was high.,1,1,0.757,Energy Isolation,['Energy Isolation'],Electrical Maintenance,Isolation Not Verified
RPT-00701,2025-04-24,Jorajan Pipeline ROW,Near-Miss,excavation near buried pipeline,"While conducting excavation near buried pipeline, a near-miss occurred at Jorajan Pipeline ROW because no lifting plan / unqualified rigger used.",1,1,0.506,Safe Mechanical Lifting,['Safe Mechanical Lifting'],Excavation,Permit Not Issued
RPT-00702,2025-11-24,Digboi Refinery,Near-Miss,working at height on scaffolding,"During working at height on scaffolding at Digboi Refinery, it was observed that isolation point not verified with lock and tag. This created a direct exposure to fall from height.",1,1,0.844,Working at Height,"['Working at Height', 'Energy Isolation']",Working at Height,Isolation Not Verified
RPT-00703,2025-05-17,Kumchai Compressor Station,Near-Miss,excavation near buried pipeline,"During excavation near buried pipeline at Kumchai Compressor Station, it was observed that communication breakdown between crew and control room. This created a direct exposure to being struck by moving/falling/suspended object.",0,0,0.174,Line of Fire,['Line of Fire'],Excavation,Communication Failure
RPT-00704,2025-09-23,Duliajan Field,Near-Miss,housekeeping / material storage,"During housekeeping / material storage at Duliajan Field, it was observed that PPE (harness/gloves/goggles) not worn correctly. This created a direct exposure to loss of critical safety function.",0,0,0.318,Working at Height,['Working at Height'],Inspection / Housekeeping,PPE Non-Compliance
RPT-00705,2025-12-03,Digboi Refinery,UC,housekeeping / material storage,UC raised at Digboi Refinery: worker engaged in housekeeping / material storage without following procedure - isolation point not verified with lock and tag.,0,0,0.389,Energy Isolation,['Energy Isolation'],Inspection / Housekeeping,Isolation Not Verified
RPT-00706,2025-02-24,Lakwa Gas Plant,UC,routine equipment inspection round,Field audit at Lakwa Gas Plant identified routine equipment inspection round where gas test not performed before entry. No injury occurred but potential for uncontrolled/unauthorized simultaneous operations was high.,0,0,0.328,Confined Space,"['Confined Space', 'Work Authorization']",Inspection / Housekeeping,Gas Test Skipped
RPT-00707,2025-03-27,Lakwa Gas Plant,Near-Miss,energy isolation / LOTO on pump,"Observation (Near-Miss) at Lakwa Gas Plant - energy isolation / LOTO on pump in progress, however toolbox talk / risk assessment not conducted, increasing risk of unexpected equipment start-up / stored energy release.",0,1,0.521,Energy Isolation,['Energy Isolation'],Energy Isolation / LOTO,Risk Assessment Skipped
RPT-00708,2025-11-04,Duliajan Workshop,UA,line of fire during pipe fitting removal,UA raised at Duliajan Workshop: worker engaged in line of fire during pipe fitting removal without following procedure - equipment inspection overdue / defective tool used.,0,0,0.496,Line of Fire,['Line of Fire'],Line of Fire Exposure,Defective Equipment
RPT-00709,2025-07-31,Kumchai Compressor Station,Incident,energy isolation / LOTO on pump,"While conducting energy isolation / LOTO on pump, a incident occurred at Kumchai Compressor Station because equipment inspection overdue / defective tool used.",0,0,0.438,Energy Isolation,['Energy Isolation'],Energy Isolation / LOTO,Defective Equipment
RPT-00710,2025-07-12,Naharkatiya Tank Farm,UC,housekeeping / material storage,Field audit at Naharkatiya Tank Farm identified housekeeping / material storage where supervision inadequate for high-risk task. No injury occurred but potential for loss of critical safety function was high.,0,0,0.151,Unclassified,[],Inspection / Housekeeping,Inadequate Supervision
RPT-00711,2025-01-18,Barekuri Well Pad,UC,energy isolation / LOTO on pump,"Observation (UC) at Barekuri Well Pad - energy isolation / LOTO on pump in progress, however toolbox talk / risk assessment not conducted, increasing risk of unexpected equipment start-up / stored energy release.",1,0,0.466,Energy Isolation,['Energy Isolation'],Energy Isolation / LOTO,Risk Assessment Skipped
RPT-00712,2025-04-24,Lakwa Gas Plant,UA,working at height on scaffolding,"While conducting working at height on scaffolding, a ua occurred at Lakwa Gas Plant because equipment inspection overdue / defective tool used.",1,1,0.676,Working at Height,['Working at Height'],Working at Height,Defective Equipment
RPT-00713,2025-10-20,Kumchai Compressor Station,Incident,working at height on scaffolding,Field audit at Kumchai Compressor Station identified working at height on scaffolding where barricade/warning signage missing at work area. No injury occurred but potential for fall from height was high.,0,0,0.461,Working at Height,['Working at Height'],Working at Height,Barricade/Signage Missing
RPT-00714,2025-10-26,Digboi Refinery,UC,working at height on scaffolding,UC raised at Digboi Refinery: worker engaged in working at height on scaffolding without following procedure - toolbox talk / risk assessment not conducted.,0,0,0.471,Working at Height,['Working at Height'],Working at Height,Risk Assessment Skipped
RPT-00715,2025-04-22,Moran GGS,UA,driving light vehicle on site road,"Observation (UA) at Moran GGS - driving light vehicle on site road in progress, however barricade/warning signage missing at work area, increasing risk of vehicle collision.",0,0,0.068,Driving Safety,['Driving Safety'],Driving / Vehicle Movement,Barricade/Signage Missing
RPT-00716,2025-12-20,Digboi Refinery,Near-Miss,housekeeping / material storage,Near-Miss raised at Digboi Refinery: worker engaged in housekeeping / material storage without following procedure - supervision inadequate for high-risk task.,0,0,0.147,Unclassified,[],Inspection / Housekeeping,Inadequate Supervision
RPT-00717,2025-10-23,Lakwa Gas Plant,UC,hot work / welding near flammable storage,"During hot work / welding near flammable storage at Lakwa Gas Plant, it was observed that no lifting plan / unqualified rigger used. This created a direct exposure to fire or explosion in presence of flammable atmosphere.",1,1,0.824,Hot Work,"['Hot Work', 'Safe Mechanical Lifting']",Hot Work,Permit Not Issued
RPT-00718,2025-03-03,Digboi Refinery,UA,working at height on scaffolding,"Observation (UA) at Digboi Refinery - working at height on scaffolding in progress, however supervision inadequate for high-risk task, increasing risk of fall from height.",0,0,0.464,Working at Height,['Working at Height'],Working at Height,Inadequate Supervision
RPT-00719,2025-10-04,Lakwa Gas Plant,UA,working at height on scaffolding,Field audit at Lakwa Gas Plant identified working at height on scaffolding where communication breakdown between crew and control room. No injury occurred but potential for fall from height was high.,1,1,0.579,Working at Height,['Working at Height'],Working at Height,Communication Failure
RPT-00720,2025-07-21,Numaligarh Terminal,Near-Miss,energy isolation / LOTO on pump,Near-Miss raised at Numaligarh Terminal: worker engaged in energy isolation / LOTO on pump without following procedure - equipment inspection overdue / defective tool used.,1,1,0.627,Energy Isolation,['Energy Isolation'],Energy Isolation / LOTO,Defective Equipment
RPT-00721,2025-07-21,Lakwa Gas Plant,UA,vehicle movement in loading bay,"Observation (UA) at Lakwa Gas Plant - vehicle movement in loading bay in progress, however equipment inspection overdue / defective tool used, increasing risk of vehicle collision.",0,0,0.194,Driving Safety,['Driving Safety'],Driving / Vehicle Movement,Defective Equipment
RPT-00722,2025-05-15,Numaligarh Terminal,UC,energy isolation / LOTO on pump,"During energy isolation / LOTO on pump at Numaligarh Terminal, it was observed that PPE (harness/gloves/goggles) not worn correctly. This created a direct exposure to unexpected equipment start-up / stored energy release.",1,1,0.798,Energy Isolation,"['Energy Isolation', 'Working at Height']",Energy Isolation / LOTO,PPE Non-Compliance
RPT-00723,2025-09-04,Naharkatiya Tank Farm,Near-Miss,excavation near buried pipeline,Near-Miss raised at Naharkatiya Tank Farm: worker engaged in excavation near buried pipeline without following procedure - communication breakdown between crew and control room.,0,0,0.164,Unclassified,[],Excavation,Communication Failure
RPT-00724,2025-09-26,Moran GGS,Near-Miss,electrical panel maintenance,Near-Miss raised at Moran GGS: worker engaged in electrical panel maintenance without following procedure - communication breakdown between crew and control room.,0,0,0.471,Unclassified,[],Electrical Maintenance,Communication Failure
RPT-00725,2025-10-22,Moran GGS,Near-Miss,hot work / welding near flammable storage,"While conducting hot work / welding near flammable storage, a near-miss occurred at Moran GGS because barricade/warning signage missing at work area.",0,0,0.355,Hot Work,['Hot Work'],Hot Work,Barricade/Signage Missing
RPT-00726,2025-06-26,Digboi Refinery,UC,routine equipment inspection round,"While conducting routine equipment inspection round, a uc occurred at Digboi Refinery because communication breakdown between crew and control room.",0,0,0.074,Unclassified,[],Inspection / Housekeeping,Communication Failure
RPT-00727,2025-08-15,Duliajan Field,Incident,driving light vehicle on site road,Field audit at Duliajan Field identified driving light vehicle on site road where gas test not performed before entry. No injury occurred but potential for vehicle collision was high.,0,0,0.183,Driving Safety,"['Driving Safety', 'Confined Space']",Driving / Vehicle Movement,Gas Test Skipped
RPT-00728,2025-07-11,Numaligarh Terminal,Incident,electrical panel maintenance,Incident raised at Numaligarh Terminal: worker engaged in electrical panel maintenance without following procedure - permit to work not issued before starting job.,1,1,0.776,Work Authorization,['Work Authorization'],Electrical Maintenance,Permit Not Issued
RPT-00729,2025-05-28,Digboi Refinery,UA,hot work / welding near flammable storage,Field audit at Digboi Refinery identified hot work / welding near flammable storage where permit to work not issued before starting job. No injury occurred but potential for fire or explosion in presence of flammable atmosphere was high.,0,1,0.622,Hot Work,"['Hot Work', 'Work Authorization']",Hot Work,Permit Not Issued
RPT-00730,2025-04-18,Kumchai Compressor Station,UA,housekeeping / material storage,"Observation (UA) at Kumchai Compressor Station - housekeeping / material storage in progress, however PPE (harness/gloves/goggles) not worn correctly, increasing risk of loss of critical safety function.",1,0,0.438,Working at Height,['Working at Height'],Inspection / Housekeeping,PPE Non-Compliance
RPT-00731,2025-11-15,Duliajan Workshop,UC,manual lifting with mobile crane,"While conducting manual lifting with mobile crane, a uc occurred at Duliajan Workshop because isolation point not verified with lock and tag.",1,1,0.527,Safe Mechanical Lifting,"['Safe Mechanical Lifting', 'Energy Isolation']",Mechanical Lifting,Isolation Not Verified
RPT-00732,2025-03-29,Numaligarh Terminal,UC,housekeeping / material storage,Field audit at Numaligarh Terminal identified housekeeping / material storage where permit to work not issued before starting job. No injury occurred but potential for loss of critical safety function was high.,1,0,0.303,Work Authorization,['Work Authorization'],Inspection / Housekeeping,Permit Not Issued
RPT-00733,2025-01-05,Barekuri Well Pad,UA,manual lifting with mobile crane,"Observation (UA) at Barekuri Well Pad - manual lifting with mobile crane in progress, however no lifting plan / unqualified rigger used, increasing risk of dropped load / crane failure.",1,1,0.755,Safe Mechanical Lifting,['Safe Mechanical Lifting'],Mechanical Lifting,Permit Not Issued
RPT-00734,2025-01-10,Naharkatiya Tank Farm,Near-Miss,routine equipment inspection round,"While conducting routine equipment inspection round, a near-miss occurred at Naharkatiya Tank Farm because barricade/warning signage missing at work area.",0,0,0.124,Unclassified,[],Inspection / Housekeeping,Barricade/Signage Missing
RPT-00735,2025-09-06,Naharkatiya Tank Farm,UC,manual lifting with mobile crane,"During manual lifting with mobile crane at Naharkatiya Tank Farm, it was observed that communication breakdown between crew and control room. This created a direct exposure to dropped load / crane failure.",0,0,0.474,Safe Mechanical Lifting,['Safe Mechanical Lifting'],Mechanical Lifting,PPE Non-Compliance
RPT-00736,2025-12-31,Duliajan Workshop,UA,hot work / welding near flammable storage,"Observation (UA) at Duliajan Workshop - hot work / welding near flammable storage in progress, however gas test not performed before entry, increasing risk of fire or explosion in presence of flammable atmosphere.",1,1,0.576,Hot Work,"['Hot Work', 'Confined Space']",Hot Work,Gas Test Skipped
RPT-00737,2025-03-22,Duliajan Field,UA,manual lifting with mobile crane,"Observation (UA) at Duliajan Field - manual lifting with mobile crane in progress, however equipment inspection overdue / defective tool used, increasing risk of dropped load / crane failure.",0,0,0.495,Safe Mechanical Lifting,['Safe Mechanical Lifting'],Mechanical Lifting,PPE Non-Compliance
RPT-00738,2025-09-14,Kumchai Compressor Station,UC,routine equipment inspection round,"While conducting routine equipment inspection round, a uc occurred at Kumchai Compressor Station because supervision inadequate for high-risk task.",0,0,0.102,Unclassified,[],Inspection / Housekeeping,Inadequate Supervision
RPT-00739,2025-05-24,Duliajan Field,Incident,routine equipment inspection round,"During routine equipment inspection round at Duliajan Field, it was observed that barricade/warning signage missing at work area. This created a direct exposure to uncontrolled/unauthorized simultaneous operations.",0,0,0.095,Work Authorization,['Work Authorization'],Inspection / Housekeeping,Barricade/Signage Missing
RPT-00740,2025-09-24,Numaligarh Terminal,Near-Miss,energy isolation / LOTO on pump,"During energy isolation / LOTO on pump at Numaligarh Terminal, it was observed that communication breakdown between crew and control room. This created a direct exposure to unexpected equipment start-up / stored energy release.",0,0,0.495,Energy Isolation,['Energy Isolation'],Energy Isolation / LOTO,Communication Failure
RPT-00741,2025-06-09,Lakwa Gas Plant,UC,routine equipment inspection round,Field audit at Lakwa Gas Plant identified routine equipment inspection round where isolation point not verified with lock and tag. No injury occurred but potential for uncontrolled/unauthorized simultaneous operations was high.,0,0,0.344,Energy Isolation,"['Energy Isolation', 'Work Authorization']",Inspection / Housekeeping,Isolation Not Verified
RPT-00742,2025-12-17,Kumchai Compressor Station,UA,electrical panel maintenance,UA raised at Kumchai Compressor Station: worker engaged in electrical panel maintenance without following procedure - equipment inspection overdue / defective tool used.,0,1,0.529,Unclassified,[],Electrical Maintenance,Defective Equipment
RPT-00743,2025-03-16,Numaligarh Terminal,Incident,driving light vehicle on site road,"Observation (Incident) at Numaligarh Terminal - driving light vehicle on site road in progress, however equipment inspection overdue / defective tool used, increasing risk of vehicle collision.",0,0,0.081,Driving Safety,['Driving Safety'],Driving / Vehicle Movement,Defective Equipment
RPT-00744,2025-03-02,Lakwa Gas Plant,UA,confined space entry into storage tank,Field audit at Lakwa Gas Plant identified confined space entry into storage tank where supervision inadequate for high-risk task. No injury occurred but potential for asphyxiation or toxic gas exposure was high.,0,1,0.575,Confined Space,['Confined Space'],Confined Space Entry,Inadequate Supervision
RPT-00745,2025-06-05,Kumchai Compressor Station,Near-Miss,confined space entry into storage tank,"Observation (Near-Miss) at Kumchai Compressor Station - confined space entry into storage tank in progress, however permit to work not issued before starting job, increasing risk of asphyxiation or toxic gas exposure.",0,1,0.606,Confined Space,"['Confined Space', 'Work Authorization']",Confined Space Entry,Permit Not Issued
RPT-00746,2025-11-10,Barekuri Well Pad,UA,confined space entry into storage tank,UA raised at Barekuri Well Pad: worker engaged in confined space entry into storage tank without following procedure - isolation point not verified with lock and tag.,1,1,0.626,Energy Isolation,"['Energy Isolation', 'Confined Space']",Confined Space Entry,Isolation Not Verified
RPT-00747,2025-12-18,Barekuri Well Pad,UC,vehicle movement in loading bay,Field audit at Barekuri Well Pad identified vehicle movement in loading bay where no lifting plan / unqualified rigger used. No injury occurred but potential for vehicle collision was high.,0,0,0.302,Safe Mechanical Lifting,"['Safe Mechanical Lifting', 'Driving Safety']",Driving / Vehicle Movement,Permit Not Issued
RPT-00748,2025-11-29,Kumchai Compressor Station,UA,hot work / welding near flammable storage,Field audit at Kumchai Compressor Station identified hot work / welding near flammable storage where toolbox talk / risk assessment not conducted. No injury occurred but potential for fire or explosion in presence of flammable atmosphere was high.,0,0,0.387,Hot Work,['Hot Work'],Hot Work,Risk Assessment Skipped
RPT-00749,2025-01-17,Numaligarh Terminal,UC,line of fire during pipe fitting removal,UC raised at Numaligarh Terminal: worker engaged in line of fire during pipe fitting removal without following procedure - toolbox talk / risk assessment not conducted.,1,1,0.527,Line of Fire,['Line of Fire'],Line of Fire Exposure,Risk Assessment Skipped
RPT-00750,2025-02-03,Duliajan Field,UA,driving light vehicle on site road,UA raised at Duliajan Field: worker engaged in driving light vehicle on site road without following procedure - communication breakdown between crew and control room.,0,0,0.081,Driving Safety,['Driving Safety'],Driving / Vehicle Movement,Communication Failure
RPT-00751,2025-08-07,Jorajan Pipeline ROW,Near-Miss,vehicle movement in loading bay,"Observation (Near-Miss) at Jorajan Pipeline ROW - vehicle movement in loading bay in progress, however toolbox talk / risk assessment not conducted, increasing risk of vehicle collision.",0,0,0.128,Driving Safety,['Driving Safety'],Driving / Vehicle Movement,Risk Assessment Skipped
RPT-00752,2025-10-20,Duliajan Field,Near-Miss,vehicle movement in loading bay,"Observation (Near-Miss) at Duliajan Field - vehicle movement in loading bay in progress, however communication breakdown between crew and control room, increasing risk of vehicle collision.",0,0,0.082,Driving Safety,['Driving Safety'],Driving / Vehicle Movement,Communication Failure
RPT-00753,2025-01-22,Duliajan Workshop,UC,excavation near buried pipeline,"Observation (UC) at Duliajan Workshop - excavation near buried pipeline in progress, however permit to work not issued before starting job, increasing risk of being struck by moving/falling/suspended object.",0,0,0.255,Line of Fire,"['Line of Fire', 'Work Authorization']",Excavation,Permit Not Issued
RPT-00754,2025-09-22,Duliajan Workshop,Incident,excavation near buried pipeline,"During excavation near buried pipeline at Duliajan Workshop, it was observed that communication breakdown between crew and control room. This created a direct exposure to being struck by moving/falling/suspended object.",0,0,0.117,Line of Fire,['Line of Fire'],Excavation,Communication Failure
RPT-00755,2025-05-27,Duliajan Field,UC,manual lifting with mobile crane,"While conducting manual lifting with mobile crane, a uc occurred at Duliajan Field because barricade/warning signage missing at work area.",0,0,0.22,Safe Mechanical Lifting,['Safe Mechanical Lifting'],Mechanical Lifting,Barricade/Signage Missing
RPT-00756,2025-03-14,Numaligarh Terminal,UC,line of fire during pipe fitting removal,"During line of fire during pipe fitting removal at Numaligarh Terminal, it was observed that barricade/warning signage missing at work area. This created a direct exposure to being struck by moving/falling/suspended object.",0,0,0.471,Line of Fire,['Line of Fire'],Line of Fire Exposure,Barricade/Signage Missing
RPT-00757,2025-12-23,Jorajan Pipeline ROW,UA,hot work / welding near flammable storage,Field audit at Jorajan Pipeline ROW identified hot work / welding near flammable storage where equipment inspection overdue / defective tool used. No injury occurred but potential for fire or explosion in presence of flammable atmosphere was high.,0,0,0.476,Hot Work,['Hot Work'],Hot Work,Defective Equipment
RPT-00758,2025-10-30,Numaligarh Terminal,UA,line of fire during pipe fitting removal,"During line of fire during pipe fitting removal at Numaligarh Terminal, it was observed that communication breakdown between crew and control room. This created a direct exposure to being struck by moving/falling/suspended object.",1,0,0.426,Line of Fire,['Line of Fire'],Line of Fire Exposure,Communication Failure
RPT-00759,2025-03-05,Moran GGS,UA,electrical panel maintenance,UA raised at Moran GGS: worker engaged in electrical panel maintenance without following procedure - PPE (harness/gloves/goggles) not worn correctly.,1,1,0.793,Working at Height,['Working at Height'],Electrical Maintenance,PPE Non-Compliance
RPT-00760,2025-07-16,Digboi Refinery,UC,housekeeping / material storage,"During housekeeping / material storage at Digboi Refinery, it was observed that toolbox talk / risk assessment not conducted. This created a direct exposure to loss of critical safety function.",0,0,0.146,Unclassified,[],Inspection / Housekeeping,Risk Assessment Skipped
RPT-00761,2025-03-29,Duliajan Workshop,UC,vehicle movement in loading bay,"Observation (UC) at Duliajan Workshop - vehicle movement in loading bay in progress, however gas test not performed before entry, increasing risk of vehicle collision.",1,0,0.267,Confined Space,"['Confined Space', 'Driving Safety']",Driving / Vehicle Movement,Gas Test Skipped
RPT-00762,2025-12-31,Lakwa Gas Plant,UA,routine equipment inspection round,UA raised at Lakwa Gas Plant: worker engaged in routine equipment inspection round without following procedure - gas test not performed before entry.,0,0,0.404,Confined Space,['Confined Space'],Inspection / Housekeeping,Gas Test Skipped
RPT-00763,2025-04-03,Naharkatiya Tank Farm,Near-Miss,driving light vehicle on site road,"Observation (Near-Miss) at Naharkatiya Tank Farm - driving light vehicle on site road in progress, however barricade/warning signage missing at work area, increasing risk of vehicle collision.",0,0,0.069,Driving Safety,['Driving Safety'],Driving / Vehicle Movement,Barricade/Signage Missing
RPT-00764,2025-09-12,Numaligarh Terminal,UC,manual lifting with mobile crane,"While conducting manual lifting with mobile crane, a uc occurred at Numaligarh Terminal because permit to work not issued before starting job.",1,1,0.665,Safe Mechanical Lifting,"['Safe Mechanical Lifting', 'Work Authorization']",Mechanical Lifting,Permit Not Issued
RPT-00765,2025-12-04,Duliajan Workshop,Incident,working at height on scaffolding,Incident raised at Duliajan Workshop: worker engaged in working at height on scaffolding without following procedure - no lifting plan / unqualified rigger used.,1,1,0.754,Working at Height,"['Working at Height', 'Safe Mechanical Lifting']",Working at Height,Permit Not Issued
RPT-00766,2025-10-08,Jorajan Pipeline ROW,UA,line of fire during pipe fitting removal,Field audit at Jorajan Pipeline ROW identified line of fire during pipe fitting removal where toolbox talk / risk assessment not conducted. No injury occurred but potential for being struck by moving/falling/suspended object was high.,1,0,0.442,Line of Fire,['Line of Fire'],Line of Fire Exposure,Risk Assessment Skipped
RPT-00767,2025-03-17,Lakwa Gas Plant,Near-Miss,routine equipment inspection round,Near-Miss raised at Lakwa Gas Plant: worker engaged in routine equipment inspection round without following procedure - equipment inspection overdue / defective tool used.,1,0,0.309,Unclassified,[],Inspection / Housekeeping,Defective Equipment
RPT-00768,2025-06-02,Kumchai Compressor Station,Incident,working at height on scaffolding,Field audit at Kumchai Compressor Station identified working at height on scaffolding where gas test not performed before entry. No injury occurred but potential for fall from height was high.,0,1,0.792,Working at Height,"['Working at Height', 'Confined Space']",Working at Height,Gas Test Skipped
RPT-00769,2025-05-26,Digboi Refinery,UC,working at height on scaffolding,UC raised at Digboi Refinery: worker engaged in working at height on scaffolding without following procedure - PPE (harness/gloves/goggles) not worn correctly.,1,1,0.8,Working at Height,['Working at Height'],Working at Height,PPE Non-Compliance
RPT-00770,2025-07-04,Lakwa Gas Plant,UA,vehicle movement in loading bay,"Observation (UA) at Lakwa Gas Plant - vehicle movement in loading bay in progress, however equipment inspection overdue / defective tool used, increasing risk of vehicle collision.",0,0,0.194,Driving Safety,['Driving Safety'],Driving / Vehicle Movement,Defective Equipment
RPT-00771,2025-08-07,Digboi Refinery,UC,driving light vehicle on site road,"Observation (UC) at Digboi Refinery - driving light vehicle on site road in progress, however supervision inadequate for high-risk task, increasing risk of vehicle collision.",0,0,0.054,Driving Safety,['Driving Safety'],Driving / Vehicle Movement,Inadequate Supervision
RPT-00772,2025-07-31,Digboi Refinery,UA,driving light vehicle on site road,"While conducting driving light vehicle on site road, a ua occurred at Digboi Refinery because toolbox talk / risk assessment not conducted.",0,0,0.071,Driving Safety,['Driving Safety'],Driving / Vehicle Movement,Risk Assessment Skipped
RPT-00773,2025-11-19,Moran GGS,UC,housekeeping / material storage,"During housekeeping / material storage at Moran GGS, it was observed that isolation point not verified with lock and tag. This created a direct exposure to loss of critical safety function.",0,0,0.375,Energy Isolation,['Energy Isolation'],Inspection / Housekeeping,Isolation Not Verified
RPT-00774,2025-06-12,Digboi Refinery,Incident,electrical panel maintenance,"While conducting electrical panel maintenance, a incident occurred at Digboi Refinery because no lifting plan / unqualified rigger used.",1,1,0.745,Safe Mechanical Lifting,['Safe Mechanical Lifting'],Electrical Maintenance,Permit Not Issued
RPT-00775,2025-09-12,Duliajan Workshop,UC,vehicle movement in loading bay,UC raised at Duliajan Workshop: worker engaged in vehicle movement in loading bay without following procedure - no lifting plan / unqualified rigger used.,0,0,0.416,Safe Mechanical Lifting,"['Safe Mechanical Lifting', 'Driving Safety']",Driving / Vehicle Movement,Permit Not Issued
RPT-00776,2025-04-10,Jorajan Pipeline ROW,Incident,electrical panel maintenance,Incident raised at Jorajan Pipeline ROW: worker engaged in electrical panel maintenance without following procedure - gas test not performed before entry.,1,1,0.773,Confined Space,['Confined Space'],Electrical Maintenance,Gas Test Skipped
RPT-00777,2025-04-17,Digboi Refinery,UC,working at height on scaffolding,"During working at height on scaffolding at Digboi Refinery, it was observed that toolbox talk / risk assessment not conducted. This created a direct exposure to fall from height.",0,1,0.6,Working at Height,['Working at Height'],Working at Height,Risk Assessment Skipped
RPT-00778,2025-04-19,Naharkatiya Tank Farm,UA,line of fire during pipe fitting removal,Field audit at Naharkatiya Tank Farm identified line of fire during pipe fitting removal where permit to work not issued before starting job. No injury occurred but potential for being struck by moving/falling/suspended object was high.,0,1,0.684,Line of Fire,"['Line of Fire', 'Work Authorization']",Line of Fire Exposure,Permit Not Issued
RPT-00779,2025-09-17,Moran GGS,UA,housekeeping / material storage,"During housekeeping / material storage at Moran GGS, it was observed that barricade/warning signage missing at work area. This created a direct exposure to loss of critical safety function.",0,0,0.148,Unclassified,[],Inspection / Housekeeping,Barricade/Signage Missing
RPT-00780,2025-10-19,Kumchai Compressor Station,Near-Miss,working at height on scaffolding,"While conducting working at height on scaffolding, a near-miss occurred at Kumchai Compressor Station because PPE (harness/gloves/goggles) not worn correctly.",1,1,0.805,Working at Height,['Working at Height'],Working at Height,PPE Non-Compliance
RPT-00781,2025-09-03,Duliajan Field,UA,confined space entry into storage tank,"While conducting confined space entry into storage tank, a ua occurred at Duliajan Field because isolation point not verified with lock and tag.",0,1,0.596,Energy Isolation,"['Energy Isolation', 'Confined Space']",Confined Space Entry,Isolation Not Verified
RPT-00782,2025-10-02,Duliajan Field,UC,routine equipment inspection round,"Observation (UC) at Duliajan Field - routine equipment inspection round in progress, however gas test not performed before entry, increasing risk of uncontrolled/unauthorized simultaneous operations.",0,0,0.198,Confined Space,"['Confined Space', 'Work Authorization']",Inspection / Housekeeping,Gas Test Skipped
RPT-00783,2025-12-14,Jorajan Pipeline ROW,Near-Miss,line of fire during pipe fitting removal,"While conducting line of fire during pipe fitting removal, a near-miss occurred at Jorajan Pipeline ROW because permit to work not issued before starting job.",1,1,0.738,Line of Fire,"['Line of Fire', 'Work Authorization']",Line of Fire Exposure,Permit Not Issued
RPT-00784,2025-07-01,Duliajan Workshop,UA,excavation near buried pipeline,"While conducting excavation near buried pipeline, a ua occurred at Duliajan Workshop because permit to work not issued before starting job.",0,0,0.204,Work Authorization,['Work Authorization'],Excavation,Permit Not Issued
RPT-00785,2025-03-26,Numaligarh Terminal,UA,driving light vehicle on site road,"Observation (UA) at Numaligarh Terminal - driving light vehicle on site road in progress, however permit to work not issued before starting job, increasing risk of vehicle collision.",0,0,0.189,Driving Safety,"['Driving Safety', 'Work Authorization']",Driving / Vehicle Movement,Permit Not Issued
RPT-00786,2025-06-11,Lakwa Gas Plant,UC,line of fire during pipe fitting removal,"While conducting line of fire during pipe fitting removal, a uc occurred at Lakwa Gas Plant because gas test not performed before entry.",1,1,0.785,Confined Space,"['Confined Space', 'Line of Fire']",Line of Fire Exposure,Gas Test Skipped
RPT-00787,2025-06-04,Duliajan Field,UA,driving light vehicle on site road,UA raised at Duliajan Field: worker engaged in driving light vehicle on site road without following procedure - communication breakdown between crew and control room.,0,0,0.081,Driving Safety,['Driving Safety'],Driving / Vehicle Movement,Communication Failure
RPT-00788,2025-02-17,Duliajan Workshop,UA,driving light vehicle on site road,"During driving light vehicle on site road at Duliajan Workshop, it was observed that gas test not performed before entry. This created a direct exposure to vehicle collision.",0,0,0.188,Driving Safety,"['Driving Safety', 'Confined Space']",Driving / Vehicle Movement,Gas Test Skipped
RPT-00789,2025-09-05,Duliajan Workshop,Incident,working at height on scaffolding,Incident raised at Duliajan Workshop: worker engaged in working at height on scaffolding without following procedure - toolbox talk / risk assessment not conducted.,1,0,0.347,Working at Height,['Working at Height'],Working at Height,Risk Assessment Skipped
RPT-00790,2025-09-22,Duliajan Workshop,UA,driving light vehicle on site road,"During driving light vehicle on site road at Duliajan Workshop, it was observed that supervision inadequate for high-risk task. This created a direct exposure to vehicle collision.",0,0,0.069,Driving Safety,['Driving Safety'],Driving / Vehicle Movement,Inadequate Supervision
RPT-00791,2025-06-09,Numaligarh Terminal,UC,manual lifting with mobile crane,Field audit at Numaligarh Terminal identified manual lifting with mobile crane where permit to work not issued before starting job. No injury occurred but potential for dropped load / crane failure was high.,1,1,0.71,Safe Mechanical Lifting,"['Safe Mechanical Lifting', 'Work Authorization']",Mechanical Lifting,Permit Not Issued
RPT-00792,2025-12-04,Lakwa Gas Plant,UC,hot work / welding near flammable storage,"During hot work / welding near flammable storage at Lakwa Gas Plant, it was observed that supervision inadequate for high-risk task. This created a direct exposure to fire or explosion in presence of flammable atmosphere.",1,1,0.548,Hot Work,['Hot Work'],Hot Work,Inadequate Supervision
RPT-00793,2025-04-09,Barekuri Well Pad,Near-Miss,working at height on scaffolding,Near-Miss raised at Barekuri Well Pad: worker engaged in working at height on scaffolding without following procedure - no lifting plan / unqualified rigger used.,1,1,0.834,Working at Height,"['Working at Height', 'Safe Mechanical Lifting']",Working at Height,Permit Not Issued
RPT-00794,2025-03-22,Barekuri Well Pad,Near-Miss,excavation near buried pipeline,"During excavation near buried pipeline at Barekuri Well Pad, it was observed that supervision inadequate for high-risk task. This created a direct exposure to being struck by moving/falling/suspended object.",0,0,0.213,Line of Fire,['Line of Fire'],Excavation,Inadequate Supervision
RPT-00795,2025-06-29,Digboi Refinery,UC,working at height on scaffolding,"During working at height on scaffolding at Digboi Refinery, it was observed that no lifting plan / unqualified rigger used. This created a direct exposure to fall from height.",1,1,0.896,Working at Height,"['Working at Height', 'Safe Mechanical Lifting']",Working at Height,Permit Not Issued
RPT-00796,2025-03-29,Kumchai Compressor Station,Incident,driving light vehicle on site road,"While conducting driving light vehicle on site road, a incident occurred at Kumchai Compressor Station because gas test not performed before entry.",0,0,0.224,Driving Safety,"['Driving Safety', 'Confined Space']",Driving / Vehicle Movement,Gas Test Skipped
RPT-00797,2025-08-30,Barekuri Well Pad,UC,vehicle movement in loading bay,"During vehicle movement in loading bay at Barekuri Well Pad, it was observed that supervision inadequate for high-risk task. This created a direct exposure to vehicle collision.",0,0,0.141,Driving Safety,['Driving Safety'],Driving / Vehicle Movement,Inadequate Supervision
RPT-00798,2025-12-27,Duliajan Field,UA,hot work / welding near flammable storage,"Observation (UA) at Duliajan Field - hot work / welding near flammable storage in progress, however communication breakdown between crew and control room, increasing risk of fire or explosion in presence of flammable atmosphere.",0,0,0.305,Hot Work,['Hot Work'],Hot Work,Communication Failure
RPT-00799,2025-04-12,Lakwa Gas Plant,UC,routine equipment inspection round,"While conducting routine equipment inspection round, a uc occurred at Lakwa Gas Plant because toolbox talk / risk assessment not conducted.",0,0,0.159,Unclassified,[],Inspection / Housekeeping,Risk Assessment Skipped
RPT-00800,2025-12-24,Duliajan Workshop,UC,hot work / welding near flammable storage,"During hot work / welding near flammable storage at Duliajan Workshop, it was observed that toolbox talk / risk assessment not conducted. This created a direct exposure to fire or explosion in presence of flammable atmosphere.",0,0,0.374,Hot Work,['Hot Work'],Hot Work,Risk Assessment Skipped
